{"stats":{"minecraft:killed":{"minecraft:cave_spider":4,"born_in_chaos_v1:restless_spirit":2,"born_in_chaos_v1:zombie_lumberjack":4,"born_in_chaos_v1:door_knight_not_despawn":2,"minecraft:spider":14,"born_in_chaos_v1:siamese_skeletonsright":1,"born_in_chaos_v1:baby_skeleton_minion":2,"minecraft:skeleton":17,"minecraft:chicken":1,"aquaculture:perch":2,"minecraft:silverfish":9,"aquaculture:carp":1,"born_in_chaos_v1:bonescaller":1,"minecraft:pig":3,"minecraft:zombie_villager":1,"born_in_chaos_v1:diamond_termite":2,"zesshou_echoes_of_the_forlorn:tormentor":6,"minecraft:goat":1,"minecraft:zombie":39,"born_in_chaos_v1:dread_hound":4,"born_in_chaos_v1:corpse_fly":5,"minecraft:stray":10,"alexsmobs:fly":1,"born_in_chaos_v1:siamese_skeletonsleft":1,"born_in_chaos_v1:zombie_bruiser":2,"born_in_chaos_v1:maggot":73,"zesshou_echoes_of_the_forlorn:brewer_skeleton":5,"born_in_chaos_v1:corpse_fish":1,"zesshou_echoes_of_the_forlorn:deceased_zombie":7,"minecraft:husk":32,"born_in_chaos_v1:baby_skeleton":6,"born_in_chaos_v1:spirit_guide_assistant":2,"zesshou_echoes_of_the_forlorn:fallen_knight":1,"minecraft:bat":1,"born_in_chaos_v1:decrepit_skeleton":8,"the_pillager_legion_:veteran_infantryman_tpl":48,"iceandfire:ghost":1,"the_pillager_legion_:infantryman_tpl":145},"minecraft:picked_up":{"minecraft:iron_chestplate":1,"simplyswords:gold_cutlass":1,"minecraft:chainmail_boots":1,"minecraft:flower_pot":3,"minecraft:diamond_sword":6,"minecraft:oak_stairs":3,"minecraft:potion":2,"minecraft:stone_brick_stairs":1,"minecraft:amethyst_block":9,"minecraft:string":9,"minecraft:cooked_salmon":1,"minecraft:iron_leggings":2,"minecraft:armor_stand":1,"the_pillager_legion_:legion_pickaxe_tpl":4,"minecraft:beetroot":7,"minecraft:diamond_leggings":1,"alexsmobs:banana":1,"minecraft:cobbled_deepslate":45,"minecraft:bucket":2,"minecraft:calcite":21,"minecraft:azalea":4,"minecraft:wooden_shovel":1,"the_pillager_legion_:legion_armor_leggings":1,"minecraft:iron_pickaxe":4,"minecraft:melon_slice":118,"the_pillager_legion_:legion_armor_helmet":13,"minecraft:iron_boots":2,"minecraft:tipped_arrow":1,"minecraft:stick":10,"born_in_chaos_v1:shattered_skull":3,"minecraft:torch":45,"minecraft:acacia_log":2,"minecraft:porkchop":5,"iceandfire:armor_bronze_chestplate":2,"minecraft:diorite":8,"minecraft:quartz_block":3,"minecraft:rotten_flesh":113,"the_pillager_legion_:legion_stone":2,"zesshou_echoes_of_the_forlorn:tainted_tender_potion":1,"minecraft:iron_bars":20,"minecraft:cod":1,"minecraft:blaze_powder":3,"minecraft:cobblestone":130,"minecraft:birch_log":1,"benssharks:silverfish":4,"minecraft:leather_chestplate":1,"minecraft:cooked_beef":2,"the_pillager_legion_:legion_sword_tpl":11,"minecraft:andesite":6,"minecraft:water_bucket":2,"minecraft:jungle_log":1,"minecraft:tuff":2,"farmersdelight:tomato":11,"minecraft:dirt":72,"born_in_chaos_v1:marigolds":1,"born_in_chaos_v1:monster_skin":17,"biomesoplenty:snowblossom_sapling":1,"minecraft:bone":57,"minecraft:bow":3,"minecraft:wheat_seeds":31,"minecraft:dark_oak_sign":1,"minecraft:mossy_stone_bricks":2,"minecraft:diamond_helmet":3,"minecraft:glowstone_dust":10,"minecraft:moss_block":66,"minecraft:oak_planks":7,"minecraft:stripped_spruce_log":8,"minecraft:cyan_bed":16,"minecraft:mossy_cobblestone":5,"minecraft:iron_hoe":2,"minecraft:sugar":5,"minecraft:diamond":1,"minecraft:granite":7,"minecraft:bone_meal":65,"minecraft:spruce_sign":3,"minecraft:chainmail_helmet":4,"minecraft:bread":17,"iceandfire:troll_leather_forest":3,"born_in_chaos_v1:rotten_fish":1,"minecraft:bricks":1,"iceandfire:raw_silver":8,"born_in_chaos_v1:diamond_termite_shard":2,"minecraft:clay_ball":59,"minecraft:rabbit_stew":2,"minecraft:wooden_pickaxe":1,"minecraft:cooked_rabbit":2,"minecraft:shield":6,"minecraft:moss_carpet":27,"minecraft:iron_axe":4,"minecraft:item_frame":5,"minecraft:cyan_carpet":27,"minecraft:cracked_stone_bricks":4,"born_in_chaos_v1:gnawed_bones":1,"minecraft:dark_oak_sapling":2,"iceandfire:dragonbone":11,"minecraft:stripped_mangrove_wood":2,"iceandfire:troll_tusk":2,"aquaculture:perch":2,"farmersdelight:tomato_seeds":13,"minecraft:cookie":10,"born_in_chaos_v1:pieceofdarkmetal":6,"minecraft:carrot":1,"minecraft:redstone":2,"minecraft:dark_oak_planks":2,"minecraft:arrow":38,"minecraft:cooked_cod":4,"minecraft:pumpkin_pie":5,"born_in_chaos_v1:wood_splitter_axe":1,"minecraft:deepslate_bricks":2,"minecraft:diamond_boots":3,"minecraft:hay_block":3,"aquaculture:carp":1,"the_pillager_legion_:legion_armor_boots":20,"minecraft:brick_stairs":1,"minecraft:glow_berries":33,"born_in_chaos_v1:fused_bone":2,"born_in_chaos_v1:corpse_maggot":47,"minecraft:golden_carrot":1,"born_in_chaos_v1:monster_flesh":5,"minecraft:leather":10,"minecraft:red_mushroom":2,"iceandfire:armor_bronze_leggings":2,"minecraft:oak_log":7,"minecraft:chainmail_chestplate":2,"iceandfire:ectoplasm":1,"minecraft:golden_boots":2,"minecraft:gunpowder":2,"minecraft:blue_bed":1,"biomesoplenty:glowing_moss_carpet":5,"born_in_chaos_v1:soul_cutlass":2,"minecraft:stone_bricks":8,"minecraft:iron_ingot":3,"born_in_chaos_v1:chipped_black_argillite_brick":1,"artifacts:kitty_slippers":2,"the_pillager_legion_:legion_cut_deep_3":8,"the_pillager_legion_:legion_deep":4,"minecraft:glass_bottle":1,"minecraft:iron_sword":3,"minecraft:flowering_azalea":6,"minecraft:dark_oak_stairs":1,"minecraft:book":6,"iceandfire:copper_nugget":2,"minecraft:smooth_basalt":23,"minecraft:dark_oak_slab":12,"iceandfire:armor_bronze_helmet":2,"minecraft:sweet_berries":1,"born_in_chaos_v1:ethereal_spirit":3,"minecraft:gravel":3,"minecraft:amethyst_shard":2,"minecraft:spruce_log":2,"the_pillager_legion_:legion_axe_tpl":13,"minecraft:spider_eye":3,"minecraft:chainmail_leggings":1,"minecraft:iron_helmet":1,"minecraft:diamond_axe":2,"minecraft:painting":2,"minecraft:cherry_sapling":2,"minecraft:baked_potato":1,"minecraft:coal":15},"minecraft:mined":{"minecraft:dark_oak_planks":2,"minecraft:cave_vines_plant":14,"minecraft:granite":9,"minecraft:budding_amethyst":1,"travelersbackpack:iron_golem":1,"minecraft:grass_block":42,"born_in_chaos_v1:dark_metal_deposit":1,"minecraft:deepslate_bricks":3,"minecraft:spawner":60,"minecraft:mossy_cobblestone_stairs":1,"minecraft:cobbled_deepslate":4,"minecraft:fire":23,"minecraft:moss_carpet":1,"minecraft:dark_oak_stairs":2,"biomesoplenty:glowshroom_block":3,"minecraft:cave_vines":31,"minecraft:iron_bars":36,"minecraft:azalea":4,"minecraft:stripped_mangrove_wood":2,"minecraft:quartz_block":3,"biomesoplenty:glowing_moss_carpet":1,"biomesoplenty:glowworm_silk":1,"minecraft:clay":18,"minecraft:torch":7,"the_pillager_legion_:legion_deep":3,"minecraft:calcite":21,"minecraft:melon":20,"minecraft:dead_bush":1,"minecraft:cobblestone":14,"minecraft:cyan_bed":16,"minecraft:oak_planks":7,"minecraft:bricks":2,"minecraft:wall_torch":13,"minecraft:amethyst_block":9,"minecraft:dark_oak_slab":6,"iceandfire:crackled_stone":2,"biomesoplenty:glowworm_silk_strand":1,"minecraft:wheat":12,"minecraft:stone_brick_stairs":2,"minecraft:grass":57,"minecraft:dirt":33,"minecraft:smooth_basalt":22,"minecraft:red_mushroom_block":2,"minecraft:netherrack":1,"minecraft:oak_leaves":12,"minecraft:deepslate":55,"minecraft:tuff":1,"iceandfire:silver_ore":7,"minecraft:mossy_cobblestone":11,"minecraft:dark_oak_leaves":10,"minecraft:deepslate_diamond_ore":1,"born_in_chaos_v1:infected_diamond_ore":1,"minecraft:nether_bricks":4,"minecraft:spruce_fence":1,"the_pillager_legion_:legion_cut_deep_3":8,"minecraft:redstone_wire":1,"farmersdelight:tomatoes":2,"minecraft:moss_block":43,"born_in_chaos_v1:gnawed_bones":1,"minecraft:hay_block":3,"minecraft:andesite":7,"minecraft:stripped_spruce_log":8,"minecraft:potted_cherry_sapling":1,"minecraft:mossy_stone_brick_stairs":1,"minecraft:bookshelf":3,"biomesoplenty:high_grass":4,"minecraft:vine":34,"crittersandcompanions:silk_cocoon":2,"minecraft:stone":68,"minecraft:cake":1,"minecraft:flowering_azalea":3,"born_in_chaos_v1:marigolds":1,"the_pillager_legion_:legion_stone":4,"biomesoplenty:potted_snowblossom_sapling":1,"biomesoplenty:high_grass_plant":6,"minecraft:tall_grass":10,"born_in_chaos_v1:chipped_black_argillite_brick":1,"farmersdelight:wild_tomatoes":13,"minecraft:diorite":8,"minecraft:blue_bed":1,"minecraft:coal_ore":15,"minecraft:gravel":4,"minecraft:cyan_carpet":3,"minecraft:cobweb":2,"minecraft:cracked_stone_bricks":4,"minecraft:stone_bricks":7,"minecraft:small_dripleaf":1,"minecraft:mossy_stone_bricks":3,"minecraft:fern":7},"minecraft:custom":{"minecraft:interact_with_crafting_table":27,"minecraft:open_barrel":185,"minecraft:eat_cake_slice":30,"minecraft:leave_game":12,"minecraft:time_since_death":54066,"minecraft:sprint_one_cm":2330392,"minecraft:damage_blocked_by_shield":60,"minecraft:drop":291,"minecraft:talked_to_villager":4,"minecraft:play_time":693217,"minecraft:deaths":160,"minecraft:jump":11742,"minecraft:interact_with_brewingstand":1,"minecraft:walk_on_water_one_cm":158234,"minecraft:interact_with_furnace":16,"minecraft:traded_with_villager":2,"minecraft:sleep_in_bed":16,"minecraft:waystone_activated":2,"minecraft:damage_dealt":105790,"minecraft:crouch_one_cm":65596,"minecraft:interact_with_smoker":2,"minecraft:mob_kills":509,"minecraft:damage_dealt_resisted":2178,"minecraft:climb_one_cm":33404,"minecraft:walk_one_cm":1484296,"minecraft:sneak_time":34247,"minecraft:walk_under_water_one_cm":136834,"minecraft:interact_with_blast_furnace":5,"minecraft:total_world_time":693217,"minecraft:pot_flower":1,"minecraft:time_since_rest":2005,"minecraft:damage_taken":60371,"minecraft:damage_absorbed":477,"minecraft:trigger_trapped_chest":1,"minecraft:minecart_one_cm":4457,"minecraft:swim_one_cm":251754,"minecraft:fly_one_cm":1665097,"minecraft:open_chest":263,"minecraft:fall_one_cm":389402},"minecraft:used":{"minecraft:moss_block":48,"minecraft:beetroot":12,"minecraft:moss_carpet":4,"minecraft:shield":2,"minecraft:iron_sword":727,"minecraft:carrot":29,"born_in_chaos_v1:soul_cutlass":130,"born_in_chaos_v1:corpse_maggot":8,"born_in_chaos_v1:smoked_flesh":9,"minecraft:lava_bucket":9,"farmersdelight:tomato":8,"minecraft:dark_oak_slab":8,"minecraft:stone_brick_stairs":1,"minecraft:stone_bricks":4,"minecraft:item_frame":5,"minecraft:bow":42,"benssharks:silverfish":3,"minecraft:hay_block":2,"minecraft:sweet_berries":8,"minecraft:dark_oak_sapling":2,"minecraft:dark_oak_stairs":1,"minecraft:mossy_stone_bricks":2,"minecraft:dark_oak_sign":1,"minecraft:oak_planks":1,"minecraft:wooden_pickaxe":95,"minecraft:chainmail_helmet":1,"minecraft:cookie":4,"minecraft:stripped_mangrove_wood":2,"minecraft:golden_apple":15,"minecraft:glow_berries":40,"the_pillager_legion_:legion_axe_tpl":242,"born_in_chaos_v1:monster_flesh":3,"minecraft:melon_slice":83,"minecraft:bread":80,"minecraft:cyan_bed":13,"minecraft:cyan_carpet":15,"the_pillager_legion_:legion_pickaxe_tpl":219,"born_in_chaos_v1:marigolds":1,"the_pillager_legion_:legion_cut_deep_3":12,"farmersdelight:ham":1,"biomesoplenty:glowing_moss_carpet":5,"minecraft:diamond_sword":521,"minecraft:wooden_sword":74,"born_in_chaos_v1:rotten_fish":1,"minecraft:cooked_rabbit":2,"aquaculture:perch":2,"minecraft:bone_meal":12,"minecraft:golden_pickaxe":34,"minecraft:azalea":3,"minecraft:iron_bars":5,"minecraft:wooden_shovel":9,"minecraft:cooked_salmon":1,"minecraft:torch":132,"minecraft:dirt":52,"minecraft:spyglass":3,"minecraft:dark_oak_planks":1,"minecraft:flowering_azalea":3,"minecraft:iron_axe":149,"minecraft:oak_stairs":2,"minecraft:brick_stairs":1,"minecraft:smooth_basalt":20,"minecraft:golden_carrot":1,"the_pillager_legion_:legion_deep":3,"alexsmobs:banana":1,"farmersdelight:tomato_seeds":2,"minecraft:cooked_beef":20,"minecraft:cobbled_deepslate":19,"minecraft:calcite":18,"minecraft:wheat_seeds":21,"minecraft:cooked_mutton":10,"minecraft:water_bucket":110,"minecraft:amethyst_block":9,"minecraft:baked_potato":12,"minecraft:spruce_sign":1,"minecraft:deepslate_bricks":1,"minecraft:cracked_stone_bricks":1,"minecraft:salmon":3,"minecraft:mossy_cobblestone":2,"minecraft:crafting_table":4,"the_pillager_legion_:legion_sword_tpl":569,"minecraft:cod":1,"minecraft:painting":1,"zesshou_echoes_of_the_forlorn:tainted_tender_potion":1,"minecraft:cake":4,"minecraft:flower_pot":2,"minecraft:apple":8,"aquaculture:carp":1,"minecraft:iron_pickaxe":172,"the_pillager_legion_:legion_stone":1,"simplyswords:gold_cutlass":2,"minecraft:cobblestone":75,"minecraft:potion":2,"minecraft:porkchop":5,"born_in_chaos_v1:wood_splitter_axe":2,"minecraft:bucket":119,"minecraft:cooked_porkchop":13,"minecraft:pumpkin_pie":5},"minecraft:broken":{"the_pillager_legion_:legion_armor_helmet":2,"minecraft:iron_boots":1,"simplyswords:gold_cutlass":1,"the_pillager_legion_:legion_armor_boots":2,"minecraft:chainmail_boots":1,"minecraft:chainmail_chestplate":1,"minecraft:wooden_sword":1,"minecraft:iron_sword":3,"minecraft:chainmail_leggings":1,"the_pillager_legion_:legion_axe_tpl":3,"the_pillager_legion_:legion_sword_tpl":2,"minecraft:chainmail_helmet":2,"minecraft:wooden_pickaxe":1,"minecraft:golden_pickaxe":1},"minecraft:crafted":{"minecraft:wooden_shovel":3,"minecraft:emerald":27,"minecraft:crafting_table":4,"minecraft:spruce_planks":40,"minecraft:wooden_pickaxe":4,"minecraft:baked_potato":12,"minecraft:golden_pickaxe":1,"minecraft:birch_planks":4,"minecraft:stick":32,"minecraft:iron_pickaxe":1,"minecraft:wooden_sword":2,"minecraft:rabbit_stew":2,"minecraft:bone_meal":73,"minecraft:diamond":9,"minecraft:iron_axe":1,"minecraft:dark_oak_planks":4,"minecraft:wheat":9,"iceandfire:silver_ingot":8,"minecraft:iron_sword":1,"minecraft:bone":6,"minecraft:bread":8,"minecraft:air":0,"minecraft:torch":32},"minecraft:dropped":{"minecraft:spruce_sign":2,"minecraft:moss_block":2,"minecraft:diamond_axe":2,"minecraft:oak_log":7,"minecraft:baked_potato":1,"iceandfire:armor_bronze_helmet":2,"minecraft:glass_bottle":2,"minecraft:dark_oak_slab":4,"minecraft:leather":11,"minecraft:cracked_stone_bricks":3,"born_in_chaos_v1:pieceofdarkmetal":6,"minecraft:cod":1,"born_in_chaos_v1:monster_flesh":2,"minecraft:dirt":5,"born_in_chaos_v1:monster_skin":14,"the_pillager_legion_:legion_sword_tpl":3,"minecraft:wooden_sword":1,"minecraft:pumpkin_pie":5,"minecraft:bone_meal":63,"minecraft:sugar":8,"minecraft:iron_pickaxe":3,"minecraft:cyan_carpet":12,"minecraft:bone":29,"minecraft:armor_stand":1,"minecraft:cobbled_deepslate":11,"minecraft:cherry_sapling":1,"born_in_chaos_v1:ethereal_spirit":1,"minecraft:beetroot":7,"minecraft:rotten_flesh":58,"minecraft:oak_planks":2,"minecraft:glowstone_dust":7,"minecraft:chainmail_chestplate":1,"minecraft:leather_chestplate":1,"minecraft:tipped_arrow":1,"minecraft:gunpowder":2,"the_pillager_legion_:legion_pickaxe_tpl":3,"minecraft:jungle_log":1,"born_in_chaos_v1:corpse_maggot":2,"minecraft:arrow":20,"iceandfire:armor_bronze_leggings":2,"the_pillager_legion_:legion_armor_boots":16,"the_pillager_legion_:legion_armor_helmet":10,"minecraft:water_bucket":2,"minecraft:golden_boots":1,"minecraft:bread":10,"born_in_chaos_v1:shattered_skull":2,"minecraft:wheat_seeds":26,"minecraft:mossy_cobblestone":3,"minecraft:diamond_leggings":1,"minecraft:cobblestone":55,"minecraft:book":3,"born_in_chaos_v1:soul_cutlass":2,"minecraft:acacia_log":2,"minecraft:chainmail_helmet":2,"minecraft:stick":4,"minecraft:melon_slice":25,"minecraft:diamond_helmet":2,"minecraft:potion":1,"minecraft:oak_stairs":1,"minecraft:iron_axe":2,"minecraft:string":12,"minecraft:smooth_basalt":1,"the_pillager_legion_:legion_armor_leggings":2,"minecraft:moss_carpet":15,"minecraft:sweet_berries":1,"minecraft:nether_wart":2,"minecraft:tuff":2,"minecraft:clay_ball":25,"minecraft:iron_boots":1,"minecraft:iron_hoe":2,"iceandfire:armor_bronze_chestplate":2,"minecraft:deepslate_bricks":1,"minecraft:diamond_sword":1,"minecraft:shield":5,"minecraft:flower_pot":1,"minecraft:iron_chestplate":2,"minecraft:wooden_shovel":1,"the_pillager_legion_:legion_axe_tpl":3,"minecraft:spider_eye":1,"minecraft:stone_bricks":1,"minecraft:diamond_boots":2,"minecraft:rabbit_stew":3,"minecraft:bow":2,"minecraft:wooden_pickaxe":2,"farmersdelight:tomato":3},"minecraft:killed_by":{"the_pillager_legion_:infantryman_tpl":8,"born_in_chaos_v1:nightmare_stalker":1,"the_pillager_legion_:veteran_infantryman_tpl":3,"minecraft:zombie":1,"minecraft:husk":5,"born_in_chaos_v1:zombie_lumberjack":1,"iceandfire:lightning_dragon":1,"born_in_chaos_v1:maggot":1}},"DataVersion":3465}