{"stats":{"minecraft:killed":{"born_in_chaos_v1:restless_spirit":1,"born_in_chaos_v1:zombie_lumberjack":2,"born_in_chaos_v1:door_knight_not_despawn":2,"minecraft:spider":7,"born_in_chaos_v1:siamese_skeletonsright":1,"born_in_chaos_v1:maggot":27,"minecraft:skeleton":2,"zesshou_echoes_of_the_forlorn:brewer_skeleton":2,"born_in_chaos_v1:corpse_fish":1,"zesshou_echoes_of_the_forlorn:deceased_zombie":3,"minecraft:husk":13,"minecraft:pig":2,"minecraft:zombie_villager":1,"born_in_chaos_v1:spirit_guide_assistant":2,"zesshou_echoes_of_the_forlorn:fallen_knight":1,"minecraft:bat":1,"born_in_chaos_v1:decrepit_skeleton":6,"the_pillager_legion_:veteran_infantryman_tpl":23,"minecraft:zombie":4,"born_in_chaos_v1:dread_hound":2,"born_in_chaos_v1:corpse_fly":5,"the_pillager_legion_:infantryman_tpl":42,"born_in_chaos_v1:siamese_skeletonsleft":1},"minecraft:picked_up":{"minecraft:chainmail_boots":1,"minecraft:clay_ball":46,"minecraft:potion":2,"minecraft:shield":1,"minecraft:amethyst_block":9,"minecraft:string":6,"minecraft:moss_carpet":27,"minecraft:iron_axe":3,"minecraft:cooked_salmon":1,"minecraft:item_frame":5,"the_pillager_legion_:legion_pickaxe_tpl":1,"minecraft:beetroot":7,"minecraft:cobbled_deepslate":8,"minecraft:bucket":2,"born_in_chaos_v1:gnawed_bones":1,"minecraft:calcite":13,"minecraft:azalea":3,"minecraft:melon_slice":47,"the_pillager_legion_:legion_armor_helmet":5,"minecraft:iron_boots":2,"minecraft:stick":8,"born_in_chaos_v1:shattered_skull":2,"minecraft:torch":6,"minecraft:porkchop":4,"farmersdelight:tomato_seeds":13,"minecraft:diorite":7,"born_in_chaos_v1:pieceofdarkmetal":1,"minecraft:carrot":1,"minecraft:redstone":2,"minecraft:arrow":12,"minecraft:rotten_flesh":43,"minecraft:hay_block":3,"the_pillager_legion_:legion_armor_boots":9,"zesshou_echoes_of_the_forlorn:tainted_tender_potion":1,"minecraft:glow_berries":28,"minecraft:iron_bars":11,"minecraft:cod":1,"minecraft:blaze_powder":2,"minecraft:cobblestone":60,"born_in_chaos_v1:fused_bone":2,"minecraft:birch_log":1,"born_in_chaos_v1:corpse_maggot":27,"the_pillager_legion_:legion_sword_tpl":3,"born_in_chaos_v1:monster_flesh":3,"minecraft:water_bucket":1,"minecraft:andesite":6,"minecraft:jungle_log":1,"minecraft:leather":10,"minecraft:red_mushroom":2,"minecraft:tuff":1,"minecraft:chainmail_chestplate":1,"minecraft:gunpowder":2,"farmersdelight:tomato":11,"minecraft:dirt":41,"biomesoplenty:glowing_moss_carpet":5,"born_in_chaos_v1:monster_skin":2,"born_in_chaos_v1:marigolds":1,"minecraft:bone":18,"minecraft:bow":1,"minecraft:wheat_seeds":10,"minecraft:iron_ingot":3,"born_in_chaos_v1:chipped_black_argillite_brick":1,"minecraft:dark_oak_sign":1,"the_pillager_legion_:legion_deep":1,"minecraft:glass_bottle":1,"minecraft:glowstone_dust":1,"minecraft:moss_block":58,"minecraft:iron_sword":1,"minecraft:oak_planks":5,"minecraft:flowering_azalea":6,"minecraft:smooth_basalt":23,"minecraft:sweet_berries":1,"born_in_chaos_v1:ethereal_spirit":1,"minecraft:gravel":3,"minecraft:amethyst_shard":2,"minecraft:stripped_spruce_log":5,"minecraft:spruce_log":2,"minecraft:cyan_bed":6,"the_pillager_legion_:legion_axe_tpl":10,"minecraft:spider_eye":3,"minecraft:sugar":5,"minecraft:chainmail_leggings":1,"minecraft:granite":7,"minecraft:chainmail_helmet":2,"minecraft:bread":1,"minecraft:baked_potato":1,"born_in_chaos_v1:rotten_fish":1,"minecraft:coal":15,"iceandfire:raw_silver":4},"minecraft:mined":{"minecraft:tuff":1,"iceandfire:silver_ore":4,"minecraft:dark_oak_leaves":7,"minecraft:cave_vines_plant":13,"minecraft:budding_amethyst":1,"minecraft:granite":7,"born_in_chaos_v1:dark_metal_deposit":1,"minecraft:grass_block":26,"minecraft:redstone_wire":1,"farmersdelight:tomatoes":2,"minecraft:moss_block":33,"born_in_chaos_v1:gnawed_bones":1,"minecraft:spawner":8,"minecraft:hay_block":3,"minecraft:cobbled_deepslate":3,"minecraft:fire":18,"minecraft:andesite":7,"minecraft:stripped_spruce_log":5,"minecraft:moss_carpet":1,"biomesoplenty:glowshroom_block":3,"biomesoplenty:high_grass":2,"minecraft:cave_vines":27,"minecraft:iron_bars":12,"crittersandcompanions:silk_cocoon":2,"minecraft:azalea":3,"minecraft:stone":59,"minecraft:cake":1,"minecraft:flowering_azalea":3,"born_in_chaos_v1:marigolds":1,"the_pillager_legion_:legion_stone":2,"biomesoplenty:glowing_moss_carpet":1,"biomesoplenty:glowworm_silk":1,"minecraft:clay":14,"the_pillager_legion_:legion_deep":1,"minecraft:torch":2,"minecraft:melon":7,"minecraft:calcite":13,"minecraft:dead_bush":1,"biomesoplenty:high_grass_plant":6,"minecraft:tall_grass":10,"minecraft:cobblestone":3,"born_in_chaos_v1:chipped_black_argillite_brick":1,"farmersdelight:wild_tomatoes":13,"minecraft:cyan_bed":6,"minecraft:oak_planks":3,"minecraft:wall_torch":2,"minecraft:diorite":7,"minecraft:amethyst_block":9,"biomesoplenty:glowworm_silk_strand":1,"minecraft:wheat":12,"minecraft:grass":32,"minecraft:coal_ore":15,"minecraft:gravel":3,"minecraft:dirt":20,"minecraft:cobweb":1,"minecraft:smooth_basalt":21,"minecraft:red_mushroom_block":2,"minecraft:small_dripleaf":1,"minecraft:oak_leaves":3,"minecraft:deepslate":20},"minecraft:custom":{"minecraft:mob_kills":175,"minecraft:interact_with_crafting_table":22,"minecraft:open_barrel":142,"minecraft:damage_dealt_resisted":2132,"minecraft:eat_cake_slice":17,"minecraft:leave_game":5,"minecraft:time_since_death":633,"minecraft:climb_one_cm":13003,"minecraft:sprint_one_cm":1042857,"minecraft:walk_one_cm":704648,"minecraft:damage_blocked_by_shield":60,"minecraft:drop":124,"minecraft:play_time":333532,"minecraft:deaths":93,"minecraft:sneak_time":12794,"minecraft:walk_under_water_one_cm":37880,"minecraft:interact_with_brewingstand":1,"minecraft:jump":6532,"minecraft:interact_with_blast_furnace":3,"minecraft:walk_on_water_one_cm":74522,"minecraft:total_world_time":333532,"minecraft:interact_with_furnace":10,"minecraft:pot_flower":1,"minecraft:sleep_in_bed":8,"minecraft:time_since_rest":686,"minecraft:waystone_activated":1,"minecraft:damage_taken":32504,"minecraft:damage_absorbed":40,"minecraft:minecart_one_cm":4457,"minecraft:damage_dealt":37556,"minecraft:swim_one_cm":161697,"minecraft:fly_one_cm":937610,"minecraft:open_chest":74,"minecraft:crouch_one_cm":19000,"minecraft:fall_one_cm":224553},"minecraft:used":{"minecraft:beetroot":12,"minecraft:moss_block":33,"minecraft:moss_carpet":4,"minecraft:shield":2,"minecraft:iron_sword":497,"minecraft:cooked_salmon":1,"minecraft:wooden_shovel":4,"minecraft:torch":21,"minecraft:dirt":34,"minecraft:carrot":29,"born_in_chaos_v1:corpse_maggot":5,"born_in_chaos_v1:smoked_flesh":9,"minecraft:flowering_azalea":3,"minecraft:lava_bucket":9,"farmersdelight:tomato":8,"minecraft:iron_axe":37,"minecraft:smooth_basalt":20,"minecraft:item_frame":5,"minecraft:hay_block":2,"minecraft:sweet_berries":8,"the_pillager_legion_:legion_deep":1,"farmersdelight:tomato_seeds":2,"minecraft:cobbled_deepslate":5,"minecraft:calcite":13,"minecraft:wheat_seeds":21,"minecraft:water_bucket":40,"minecraft:amethyst_block":3,"minecraft:dark_oak_sign":1,"minecraft:baked_potato":12,"minecraft:oak_planks":1,"minecraft:wooden_pickaxe":93,"minecraft:chainmail_helmet":1,"minecraft:golden_apple":1,"minecraft:salmon":3,"minecraft:glow_berries":38,"the_pillager_legion_:legion_axe_tpl":229,"minecraft:crafting_table":4,"the_pillager_legion_:legion_sword_tpl":87,"zesshou_echoes_of_the_forlorn:tainted_tender_potion":1,"minecraft:cod":1,"minecraft:cake":2,"minecraft:apple":8,"born_in_chaos_v1:monster_flesh":3,"minecraft:melon_slice":37,"minecraft:bread":26,"minecraft:cyan_bed":6,"minecraft:iron_pickaxe":56,"the_pillager_legion_:legion_pickaxe_tpl":99,"born_in_chaos_v1:marigolds":1,"biomesoplenty:glowing_moss_carpet":5,"minecraft:wooden_sword":58,"minecraft:potion":2,"minecraft:cobblestone":10,"born_in_chaos_v1:rotten_fish":1,"minecraft:porkchop":4,"minecraft:bucket":48,"minecraft:golden_pickaxe":34,"minecraft:bone_meal":10,"minecraft:azalea":2},"minecraft:broken":{"minecraft:chainmail_leggings":1,"the_pillager_legion_:legion_armor_helmet":1,"the_pillager_legion_:legion_axe_tpl":2,"the_pillager_legion_:legion_armor_boots":2,"minecraft:chainmail_boots":1,"minecraft:wooden_pickaxe":1,"minecraft:wooden_sword":1,"minecraft:iron_sword":2,"minecraft:golden_pickaxe":1},"minecraft:crafted":{"minecraft:wooden_sword":1,"minecraft:bone_meal":73,"minecraft:iron_axe":1,"minecraft:dark_oak_planks":4,"minecraft:wheat":9,"minecraft:wooden_shovel":2,"minecraft:crafting_table":4,"minecraft:spruce_planks":28,"minecraft:wooden_pickaxe":2,"minecraft:baked_potato":12,"minecraft:iron_sword":1,"minecraft:golden_pickaxe":1,"minecraft:bone":6,"minecraft:birch_planks":4,"minecraft:bread":8,"minecraft:air":0,"minecraft:stick":24,"minecraft:iron_pickaxe":1,"minecraft:torch":32},"minecraft:dropped":{"the_pillager_legion_:legion_armor_helmet":4,"minecraft:water_bucket":1,"the_pillager_legion_:legion_armor_boots":7,"minecraft:bread":1,"minecraft:moss_block":2,"minecraft:wheat_seeds":3,"minecraft:baked_potato":1,"minecraft:glass_bottle":2,"minecraft:leather":11,"minecraft:chainmail_helmet":1,"minecraft:cod":1,"minecraft:stick":2,"minecraft:melon_slice":9,"minecraft:potion":1,"minecraft:iron_axe":1,"minecraft:sugar":8,"minecraft:string":10,"minecraft:smooth_basalt":1,"minecraft:bone":6,"minecraft:moss_carpet":15,"minecraft:sweet_berries":1,"minecraft:beetroot":7,"minecraft:rotten_flesh":26,"minecraft:clay_ball":12,"minecraft:oak_planks":1,"minecraft:iron_boots":1,"minecraft:gunpowder":2,"the_pillager_legion_:legion_pickaxe_tpl":1,"born_in_chaos_v1:corpse_maggot":1,"minecraft:spider_eye":1,"minecraft:arrow":20,"farmersdelight:tomato":3},"minecraft:killed_by":{"the_pillager_legion_:infantryman_tpl":6,"born_in_chaos_v1:zombie_lumberjack":1,"the_pillager_legion_:veteran_infantryman_tpl":3,"born_in_chaos_v1:maggot":1}},"DataVersion":3465}