{"stats":{"minecraft:dropped":{"minecraft:brown_mushroom":3,"biomesoplenty:pink_daffodil":1,"minecraft:crafting_table":1,"minecraft:dark_oak_sapling":1,"minecraft:leather":10,"born_in_chaos_v1:pieceofdarkmetal":4,"minecraft:rail":8,"minecraft:light_weighted_pressure_plate":1,"farmersdelight:onion":2,"minecraft:wooden_sword":1,"minecraft:bone_meal":1,"minecraft:iron_pickaxe":1,"minecraft:bone":7,"minecraft:armor_stand":1,"minecraft:cobbled_deepslate":392,"minecraft:wheat":1,"minecraft:oak_planks":2,"minecraft:cooked_mutton":9,"minecraft:gunpowder":1,"minecraft:chest":1,"farmersdelight:rope":11,"minecraft:beef":4,"iceandfire:manuscript":1,"minecraft:egg":1,"minecraft:enchanted_book":1,"minecraft:feather":8,"minecraft:cobblestone":93,"zesshou_echoes_of_the_forlorn:dread_leather":1,"minecraft:apple":2,"minecraft:granite":10,"minecraft:oxeye_daisy":1,"minecraft:diorite":15,"minecraft:golden_carrot":7,"minecraft:rose_bush":2,"minecraft:brown_wool":1,"minecraft:oak_stairs":1,"minecraft:smooth_basalt":7,"minecraft:moss_carpet":3,"minecraft:andesite":1,"minecraft:barrel":8,"minecraft:wooden_pickaxe":2,"minecraft:calcite":4},"minecraft:broken":{"minecraft:iron_boots":1,"minecraft:iron_chestplate":1,"minecraft:iron_leggings":1,"minecraft:stone_pickaxe":1,"minecraft:iron_sword":1,"minecraft:wooden_axe":1,"minecraft:iron_axe":1,"minecraft:iron_pickaxe":5,"minecraft:iron_helmet":1},"minecraft:killed_by":{"iceandfire:gorgon":1},"minecraft:crafted":{"minecraft:oak_planks":64,"minecraft:smooth_stone":25,"travelersbackpack:crafting_upgrade":1,"minecraft:dark_oak_boat":1,"minecraft:cooked_chicken":6,"minecraft:stone":42,"minecraft:cooked_mutton":32,"minecraft:glass":48,"aquaculture:gold_fishing_rod":1,"minecraft:bow":1,"minecraft:iron_boots":1,"minecraft:chest":3,"minecraft:acacia_fence":3,"minecraft:smoker":1,"minecraft:deepslate":24,"travelersbackpack:iron_tier_upgrade":1,"aquaculture:worm_farm":1,"minecraft:cooked_porkchop":9,"minecraft:crafting_table":7,"aquaculture:tackle_box":1,"minecraft:spruce_planks":68,"travelersbackpack:standard":2,"minecraft:baked_potato":21,"minecraft:wooden_pickaxe":2,"minecraft:iron_helmet":1,"minecraft:smithing_table":1,"minecraft:copper_ingot":30,"farmersdelight:smoked_ham":1,"minecraft:birch_planks":8,"minecraft:iron_chestplate":1,"aquaculture:iron_hook":1,"minecraft:birch_fence":3,"minecraft:stick":108,"born_in_chaos_v1:smoked_flesh":53,"minecraft:iron_ingot":118,"minecraft:iron_pickaxe":1,"minecraft:iron_block":1,"minecraft:gold_ingot":29,"aquaculture:iron_fishing_rod":1,"aquaculture:gold_hook":1,"minecraft:wooden_sword":1,"minecraft:iron_nugget":9,"minecraft:furnace":4,"born_in_chaos_v1:smoked_monster_flesh":3,"travelersbackpack:gold_tier_upgrade":1,"travelersbackpack:blank_upgrade":4,"travelersbackpack:white_sleeping_bag":2,"minecraft:iron_axe":1,"born_in_chaos_v1:fried_maggot":2,"minecraft:stone_pickaxe":1,"minecraft:dark_oak_planks":280,"minecraft:cooked_beef":24,"farmersdelight:cooked_mutton_chops":6,"minecraft:dark_oak_stairs":20,"aquaculture:fishing_line":1,"travelersbackpack:backpack_tank":6,"minecraft:iron_sword":2,"minecraft:bucket":1,"minecraft:bread":11,"minecraft:air":0,"minecraft:golden_apple":2,"minecraft:gold_nugget":9,"minecraft:wooden_axe":1,"minecraft:iron_shovel":1,"minecraft:iron_leggings":1,"minecraft:stonecutter":1,"minecraft:white_bed":2,"minecraft:acacia_planks":52,"minecraft:torch":80},"minecraft:used":{"alexsmobs:emu_egg":2,"minecraft:iron_shovel":29,"minecraft:chest":4,"minecraft:iron_sword":664,"minecraft:rotten_flesh":1,"minecraft:carrot":2,"born_in_chaos_v1:corpse_maggot":2,"born_in_chaos_v1:smoked_flesh":32,"minecraft:lava_bucket":2,"minecraft:item_frame":1,"minecraft:brown_carpet":5,"minecraft:bow":4,"minecraft:sweet_berries":2,"minecraft:furnace":7,"minecraft:oak_planks":3,"minecraft:stone_pickaxe":139,"minecraft:wooden_pickaxe":64,"travelersbackpack:iron_golem":16,"minecraft:sugar_cane":5,"minecraft:white_wool":2,"iceandfire:podium_spruce":1,"minecraft:dark_oak_log":1,"minecraft:bread":68,"aquaculture:worm_farm":3,"minecraft:gravel":3,"born_in_chaos_v1:smoked_monster_flesh":1,"minecraft:wooden_sword":23,"minecraft:smithing_table":1,"minecraft:smooth_stone_slab":4,"simplyswords:diamond_glaive":4,"minecraft:spruce_planks":6,"born_in_chaos_v1:fried_maggot":2,"minecraft:cooked_chicken":2,"minecraft:torch":266,"minecraft:dirt":42,"farmersdelight:rope":3,"minecraft:iron_hoe":3,"minecraft:dark_oak_planks":20,"minecraft:wooden_axe":56,"minecraft:iron_axe":254,"minecraft:barrel":8,"farmersdelight:cooked_mutton_chops":5,"minecraft:cooked_beef":14,"minecraft:cobbled_deepslate":410,"minecraft:wheat_seeds":20,"minecraft:cooked_mutton":17,"aquaculture:tackle_box":2,"minecraft:water_bucket":1,"minecraft:baked_potato":14,"minecraft:stonecutter":1,"minecraft:crafting_table":15,"minecraft:white_bed":11,"minecraft:spruce_log":1,"minecraft:smoker":4,"farmersdelight:smoked_ham":1,"minecraft:diamond_pickaxe":593,"minecraft:apple":2,"minecraft:iron_pickaxe":1531,"minecraft:stone_axe":44,"minecraft:cobblestone":270,"travelersbackpack:standard":20,"minecraft:cooked_porkchop":3,"minecraft:bucket":6,"alexsmobs:animal_dictionary":1},"minecraft:mined":{"minecraft:dark_oak_planks":20,"minecraft:large_amethyst_bud":2,"biomesoplenty:glowshroom":1,"minecraft:spruce_planks":7,"minecraft:white_bed":9,"iceandfire:copper_pile":1,"minecraft:cobblestone_stairs":7,"minecraft:spruce_trapdoor":1,"minecraft:granite":10,"minecraft:budding_amethyst":2,"minecraft:acacia_log":12,"minecraft:grass_block":28,"minecraft:infested_cobblestone":1,"minecraft:spawner":4,"minecraft:cobbled_deepslate":25,"minecraft:iron_ore":88,"minecraft:fire":2,"minecraft:barrel":10,"minecraft:moss_carpet":1,"minecraft:deepslate_lapis_ore":2,"minecraft:oak_stairs":2,"biomesoplenty:webbing":8,"minecraft:deepslate_redstone_ore":9,"minecraft:kelp_plant":2,"biomesoplenty:glowworm_silk":1,"minecraft:smoker":3,"minecraft:amethyst_cluster":19,"minecraft:torch":104,"minecraft:calcite":8,"minecraft:chest":5,"minecraft:cobblestone":104,"minecraft:sugar_cane":2,"minecraft:oak_planks":7,"minecraft:wall_torch":106,"minecraft:amethyst_block":8,"minecraft:mud":1,"minecraft:wheat":21,"minecraft:tnt":1,"minecraft:wither_rose":2,"minecraft:smooth_stone_slab":8,"minecraft:grass":32,"biomesoplenty:clover":7,"minecraft:oak_log":20,"minecraft:sand":51,"minecraft:dirt":34,"minecraft:smooth_basalt":25,"minecraft:tripwire_hook":1,"minecraft:stonecutter":1,"minecraft:oak_leaves":6,"minecraft:deepslate":1167,"minecraft:tuff":87,"minecraft:mossy_cobblestone":2,"minecraft:dark_oak_leaves":3,"minecraft:deepslate_diamond_ore":157,"minecraft:dark_oak_log":196,"born_in_chaos_v1:black_argillite":4,"travelersbackpack:white_sleeping_bag":1,"minecraft:spruce_leaves":10,"aquaculture:worm_farm":3,"minecraft:redstone_ore":1,"aquaculture:tackle_box":2,"minecraft:furnace":4,"minecraft:carrots":9,"minecraft:andesite":7,"biomesoplenty:sea_oats":1,"minecraft:bookshelf":39,"farmersdelight:rope":4,"biomesoplenty:high_grass":6,"minecraft:deepslate_iron_ore":1,"minecraft:vine":3,"biomesoplenty:spider_egg":1,"minecraft:stone":274,"iceandfire:podium_spruce":2,"minecraft:white_wool":2,"iceandfire:pixie_jar_empty":2,"minecraft:scaffolding":5,"minecraft:brown_carpet":5,"minecraft:crafting_table":10,"minecraft:rose_bush":3,"minecraft:campfire":1,"biomesoplenty:high_grass_plant":5,"minecraft:tall_grass":5,"minecraft:copper_ore":6,"biomesoplenty:huge_clover_petal":1,"minecraft:lapis_ore":10,"minecraft:diorite":17,"biomesoplenty:pink_daffodil":1,"minecraft:spruce_log":18,"minecraft:birch_leaves":1,"minecraft:coal_ore":130,"minecraft:gravel":20,"biomesoplenty:stringy_cobweb":1,"minecraft:cobweb":2,"minecraft:stone_bricks":8,"minecraft:mossy_stone_bricks":2,"minecraft:gold_ore":8},"minecraft:killed":{"minecraft:cave_spider":1,"born_in_chaos_v1:restless_spirit":2,"born_in_chaos_v1:zombie_lumberjack":1,"zesshou_echoes_of_the_forlorn:dreadhoof":1,"born_in_chaos_v1:door_knight_not_despawn":1,"minecraft:spider":5,"minecraft:skeleton":4,"minecraft:chicken":9,"minecraft:silverfish":1,"born_in_chaos_v1:firelight_not_despawn":3,"artifacts:mimic":1,"minecraft:pig":7,"minecraft:sheep":16,"minecraft:pillager":7,"minecraft:zombie":9,"born_in_chaos_v1:dread_hound":5,"born_in_chaos_v1:corpse_fly":3,"born_in_chaos_v1:door_knight":1,"minecraft:cow":18,"born_in_chaos_v1:maggot":6,"zesshou_echoes_of_the_forlorn:brewer_skeleton":3,"mowziesmobs:umvuthana":2,"zesshou_echoes_of_the_forlorn:deceased_zombie":2,"born_in_chaos_v1:spiritof_chaos":1,"born_in_chaos_v1:fallen_chaos_knight":2,"born_in_chaos_v1:baby_skeleton":4,"born_in_chaos_v1:decrepit_skeleton":7,"born_in_chaos_v1:bloody_gadfly":1,"iceandfire:ghost":17,"alexsmobs:gazelle":10},"minecraft:picked_up":{"minecraft:wheat":19,"minecraft:oak_stairs":2,"minecraft:enchanted_book":1,"minecraft:wither_rose":2,"minecraft:golden_sword":2,"minecraft:amethyst_block":8,"iceandfire:manuscript":1,"alexsmobs:gazelle_horn":4,"minecraft:string":4,"minecraft:raw_copper":21,"minecraft:smooth_stone_slab":8,"minecraft:iron_leggings":1,"minecraft:armor_stand":2,"minecraft:cobbled_deepslate":862,"minecraft:spruce_planks":5,"minecraft:rose_bush":2,"minecraft:calcite":8,"minecraft:iron_pickaxe":2,"minecraft:furnace":4,"minecraft:stick":7,"born_in_chaos_v1:shattered_skull":1,"minecraft:torch":206,"minecraft:acacia_log":13,"born_in_chaos_v1:pileof_dark_metal":1,"minecraft:porkchop":10,"minecraft:diorite":16,"minecraft:brown_carpet":5,"minecraft:stone_sword":1,"minecraft:rotten_flesh":31,"aquaculture:worm_farm":4,"alexsmobs:emu_egg":3,"farmersdelight:rope":15,"minecraft:blaze_powder":2,"minecraft:cobblestone":437,"minecraft:birch_log":2,"benssharks:silverfish":1,"minecraft:feather":20,"minecraft:andesite":7,"minecraft:brown_wool":1,"biomesoplenty:glowshroom":1,"minecraft:smoker":3,"minecraft:lapis_lazuli":83,"minecraft:dirt":95,"minecraft:lantern":1,"born_in_chaos_v1:monster_skin":5,"minecraft:bone":27,"minecraft:stonecutter":1,"minecraft:wheat_seeds":81,"minecraft:raw_gold":8,"minecraft:mossy_stone_bricks":1,"minecraft:glowstone_dust":2,"minecraft:oak_planks":7,"iceandfire:podium_spruce":2,"minecraft:sand":48,"minecraft:dark_oak_log":198,"minecraft:barrel":18,"minecraft:iron_hoe":1,"born_in_chaos_v1:fire_dust":1,"minecraft:diamond":157,"minecraft:granite":10,"minecraft:bone_meal":1,"minecraft:emerald":1,"minecraft:bread":3,"biomesoplenty:pink_daffodil":1,"minecraft:mud":1,"minecraft:charcoal":2,"minecraft:crafting_table":11,"minecraft:chicken":10,"born_in_chaos_v1:seedof_chaos":3,"minecraft:brown_mushroom":3,"minecraft:chain":1,"minecraft:moss_carpet":3,"minecraft:wooden_sword":1,"minecraft:white_carpet":2,"minecraft:item_frame":6,"iceandfire:bestiary":2,"minecraft:beef":38,"born_in_chaos_v1:gnawed_bones":1,"biomesoplenty:wildflower":1,"minecraft:sugar_cane":5,"minecraft:chest":6,"minecraft:spruce_trapdoor":1,"minecraft:egg":4,"minecraft:dark_oak_sapling":9,"minecraft:raw_iron":88,"zesshou_echoes_of_the_forlorn:dread_leather":1,"born_in_chaos_v1:pieceofdarkmetal":8,"minecraft:carrot":21,"minecraft:redstone":49,"minecraft:blue_carpet":1,"minecraft:dark_oak_planks":20,"minecraft:tnt":1,"minecraft:arrow":8,"artifacts:running_shoes":1,"minecraft:gold_ingot":2,"minecraft:mutton":34,"minecraft:rail":8,"minecraft:white_wool":17,"minecraft:oxeye_daisy":1,"born_in_chaos_v1:corpse_maggot":7,"minecraft:golden_carrot":7,"born_in_chaos_v1:monster_flesh":3,"aquaculture:tackle_box":2,"minecraft:tripwire_hook":2,"minecraft:leather":33,"minecraft:oak_log":20,"minecraft:chainmail_chestplate":1,"iceandfire:ectoplasm":7,"minecraft:cobblestone_stairs":4,"minecraft:gunpowder":4,"minecraft:white_banner":1,"minecraft:stone_bricks":8,"minecraft:apple":1,"iceandfire:pixie_jar_empty":2,"minecraft:kelp":12,"minecraft:iron_ingot":2,"minecraft:book":117,"minecraft:scaffolding":5,"iceandfire:copper_nugget":10,"minecraft:smooth_basalt":7,"minecraft:sweet_berries":2,"born_in_chaos_v1:ethereal_spirit":2,"minecraft:gravel":3,"minecraft:amethyst_shard":78,"minecraft:spruce_sapling":1,"minecraft:white_bed":9,"minecraft:spruce_log":18,"minecraft:spider_eye":2,"minecraft:pumpkin_seeds":31,"minecraft:stone_axe":1,"minecraft:iron_helmet":1,"minecraft:chainmail_leggings":1,"mowziesmobs:umvuthana_mask_fear":1,"minecraft:melon_seeds":8,"minecraft:coal":191},"minecraft:custom":{"minecraft:interact_with_crafting_table":138,"minecraft:open_barrel":362,"goblintraders:trade_with_goblin":45,"minecraft:leave_game":9,"minecraft:time_since_death":343641,"minecraft:sprint_one_cm":1832503,"minecraft:drop":57,"minecraft:talked_to_villager":16,"minecraft:play_time":614456,"minecraft:deaths":13,"minecraft:jump":9054,"minecraft:walk_on_water_one_cm":57995,"minecraft:interact_with_furnace":132,"minecraft:sleep_in_bed":32,"minecraft:waystone_activated":6,"minecraft:damage_dealt":29457,"minecraft:crouch_one_cm":46810,"minecraft:interact_with_smoker":93,"minecraft:interact_with_smithing_table":12,"minecraft:interact_with_anvil":1,"minecraft:mob_kills":150,"minecraft:damage_dealt_resisted":2244,"minecraft:climb_one_cm":5145,"minecraft:walk_one_cm":1331707,"minecraft:sneak_time":20595,"minecraft:walk_under_water_one_cm":27704,"minecraft:total_world_time":614456,"minecraft:interact_with_stonecutter":4,"minecraft:time_since_rest":8216,"minecraft:damage_taken":2147483647,"minecraft:trigger_trapped_chest":7,"minecraft:swim_one_cm":99716,"minecraft:fly_one_cm":1860377,"minecraft:open_chest":184,"minecraft:fall_one_cm":253569}},"DataVersion":3465}