{"stats":{"minecraft:dropped":{"minecraft:brown_mushroom":3,"biomesoplenty:pink_daffodil":1,"minecraft:crafting_table":1,"minecraft:dark_oak_sapling":1,"minecraft:leather":10,"born_in_chaos_v1:pieceofdarkmetal":4,"minecraft:rail":8,"minecraft:light_weighted_pressure_plate":1,"farmersdelight:onion":2,"minecraft:wooden_sword":1,"minecraft:bone_meal":1,"minecraft:iron_pickaxe":1,"minecraft:bone":7,"minecraft:armor_stand":1,"minecraft:cobbled_deepslate":392,"minecraft:wheat":1,"minecraft:oak_planks":2,"minecraft:cooked_mutton":9,"minecraft:gunpowder":1,"minecraft:chest":1,"farmersdelight:rope":11,"minecraft:beef":4,"iceandfire:manuscript":1,"minecraft:egg":1,"minecraft:enchanted_book":1,"minecraft:feather":8,"minecraft:cobblestone":93,"zesshou_echoes_of_the_forlorn:dread_leather":1,"minecraft:apple":2,"minecraft:granite":10,"minecraft:oxeye_daisy":1,"minecraft:diorite":15,"minecraft:golden_carrot":7,"minecraft:rose_bush":2,"minecraft:brown_wool":1,"minecraft:oak_stairs":1,"minecraft:smooth_basalt":7,"minecraft:moss_carpet":3,"minecraft:iron_hoe":1,"aquaculture:gold_fishing_rod":1,"minecraft:andesite":1,"minecraft:barrel":8,"minecraft:wooden_pickaxe":2,"minecraft:calcite":4},"minecraft:broken":{"minecraft:iron_boots":1,"minecraft:iron_chestplate":1,"minecraft:iron_leggings":1,"minecraft:stone_pickaxe":1,"minecraft:iron_sword":1,"minecraft:wooden_axe":1,"minecraft:golden_hoe":1,"minecraft:iron_axe":1,"minecraft:iron_pickaxe":5,"minecraft:iron_helmet":1},"minecraft:killed_by":{"iceandfire:gorgon":1},"minecraft:crafted":{"minecraft:oak_planks":64,"minecraft:smooth_stone":25,"travelersbackpack:crafting_upgrade":1,"minecraft:dark_oak_boat":1,"minecraft:cooked_chicken":6,"minecraft:stone":42,"minecraft:bookshelf":30,"minecraft:cooked_mutton":32,"minecraft:glass":48,"aquaculture:gold_fishing_rod":1,"minecraft:bow":1,"minecraft:iron_boots":1,"minecraft:chest":3,"minecraft:acacia_fence":3,"minecraft:smoker":1,"minecraft:deepslate":24,"travelersbackpack:bookshelf":1,"travelersbackpack:iron_tier_upgrade":1,"aquaculture:worm_farm":1,"minecraft:cooked_porkchop":9,"minecraft:crafting_table":7,"aquaculture:tackle_box":1,"minecraft:spruce_planks":68,"travelersbackpack:standard":3,"minecraft:baked_potato":21,"minecraft:wooden_pickaxe":2,"minecraft:iron_helmet":1,"minecraft:smithing_table":1,"minecraft:copper_ingot":30,"farmersdelight:smoked_ham":1,"minecraft:birch_planks":8,"minecraft:campfire":1,"minecraft:dark_oak_slab":12,"minecraft:iron_chestplate":1,"aquaculture:iron_hook":1,"minecraft:birch_fence":3,"minecraft:stick":108,"born_in_chaos_v1:smoked_flesh":57,"minecraft:iron_ingot":118,"minecraft:iron_pickaxe":1,"minecraft:iron_block":1,"minecraft:gold_ingot":29,"aquaculture:iron_fishing_rod":1,"minecraft:composter":1,"aquaculture:gold_hook":1,"minecraft:shears":1,"minecraft:wooden_sword":1,"minecraft:iron_nugget":9,"minecraft:furnace":4,"minecraft:bone_meal":24,"born_in_chaos_v1:smoked_monster_flesh":3,"travelersbackpack:gold_tier_upgrade":1,"travelersbackpack:blank_upgrade":4,"minecraft:flint_and_steel":1,"minecraft:dark_oak_fence":3,"travelersbackpack:white_sleeping_bag":2,"minecraft:iron_axe":1,"minecraft:ladder":6,"minecraft:iron_hoe":1,"born_in_chaos_v1:fried_maggot":2,"minecraft:stone_pickaxe":1,"minecraft:dark_oak_planks":280,"minecraft:cooked_beef":36,"farmersdelight:cooked_mutton_chops":6,"minecraft:dark_oak_stairs":20,"minecraft:enchanting_table":1,"born_in_chaos_v1:cultivated_pumpkin":1,"aquaculture:fishing_line":1,"travelersbackpack:backpack_tank":6,"minecraft:iron_sword":2,"minecraft:bucket":2,"minecraft:bread":11,"minecraft:air":0,"minecraft:golden_apple":2,"minecraft:gold_nugget":9,"minecraft:wooden_axe":1,"minecraft:iron_shovel":1,"minecraft:iron_leggings":1,"minecraft:stonecutter":1,"minecraft:white_bed":2,"minecraft:acacia_planks":52,"minecraft:torch":80},"minecraft:used":{"alexsmobs:emu_egg":2,"minecraft:iron_shovel":29,"minecraft:ladder":6,"minecraft:chest":4,"minecraft:iron_sword":682,"minecraft:rotten_flesh":1,"minecraft:carrot":81,"minecraft:obsidian":10,"born_in_chaos_v1:corpse_maggot":2,"born_in_chaos_v1:smoked_flesh":52,"minecraft:lava_bucket":2,"minecraft:item_frame":1,"minecraft:brown_carpet":5,"minecraft:bow":4,"minecraft:scaffolding":15,"minecraft:sweet_berries":2,"minecraft:oak_sapling":1,"minecraft:furnace":7,"minecraft:acacia_fence":1,"minecraft:dark_oak_sapling":10,"minecraft:oak_planks":3,"minecraft:stone_pickaxe":139,"minecraft:wooden_pickaxe":64,"travelersbackpack:iron_golem":16,"minecraft:composter":2,"minecraft:sugar_cane":5,"minecraft:golden_apple":1,"minecraft:white_wool":2,"iceandfire:podium_spruce":4,"minecraft:golden_hoe":39,"minecraft:pumpkin_seeds":8,"minecraft:dark_oak_log":1,"born_in_chaos_v1:evil_carved_pumpkin":1,"minecraft:bread":68,"minecraft:string":4,"aquaculture:worm_farm":3,"minecraft:gravel":3,"born_in_chaos_v1:smoked_monster_flesh":1,"minecraft:wooden_sword":23,"minecraft:dark_oak_fence":3,"minecraft:smithing_table":1,"minecraft:smooth_stone_slab":4,"minecraft:bone_meal":15,"minecraft:oak_trapdoor":1,"minecraft:enchanting_table":2,"simplyswords:diamond_glaive":55,"minecraft:flint_and_steel":4,"minecraft:light_gray_carpet":1,"minecraft:spruce_planks":6,"born_in_chaos_v1:fried_maggot":2,"minecraft:netherrack":3,"minecraft:cooked_chicken":2,"minecraft:torch":296,"minecraft:dirt":42,"farmersdelight:rope":3,"minecraft:iron_hoe":26,"minecraft:dark_oak_planks":30,"minecraft:wooden_axe":56,"minecraft:bookshelf":28,"minecraft:iron_axe":254,"minecraft:barrel":8,"farmersdelight:cooked_mutton_chops":5,"minecraft:cooked_beef":15,"minecraft:cobbled_deepslate":410,"minecraft:wheat_seeds":20,"minecraft:cooked_mutton":17,"aquaculture:tackle_box":2,"minecraft:water_bucket":4,"minecraft:baked_potato":14,"minecraft:stonecutter":1,"minecraft:crafting_table":15,"born_in_chaos_v1:cultivated_pumpkin":1,"minecraft:campfire":1,"minecraft:white_bed":11,"minecraft:spruce_log":1,"minecraft:smoker":4,"farmersdelight:smoked_ham":1,"minecraft:diamond_pickaxe":1055,"minecraft:apple":2,"travelersbackpack:bookshelf":7,"minecraft:iron_pickaxe":1531,"minecraft:stone_axe":120,"minecraft:blue_carpet":4,"minecraft:cobblestone":271,"travelersbackpack:standard":20,"minecraft:cooked_porkchop":3,"minecraft:bucket":14,"alexsmobs:animal_dictionary":1,"minecraft:kelp":10},"minecraft:mined":{"minecraft:dark_oak_planks":30,"minecraft:blue_carpet":1,"minecraft:large_amethyst_bud":2,"biomesoplenty:glowshroom":1,"minecraft:spruce_planks":7,"minecraft:white_bed":9,"iceandfire:copper_pile":1,"minecraft:cobblestone_stairs":7,"minecraft:obsidian":11,"minecraft:spruce_trapdoor":1,"minecraft:granite":10,"minecraft:budding_amethyst":2,"minecraft:acacia_log":12,"minecraft:grass_block":30,"minecraft:infested_cobblestone":1,"minecraft:composter":1,"minecraft:spawner":4,"minecraft:cobbled_deepslate":25,"minecraft:iron_ore":88,"minecraft:fire":5,"minecraft:barrel":10,"minecraft:pumpkin":1,"minecraft:moss_carpet":1,"minecraft:deepslate_lapis_ore":2,"minecraft:enchanting_table":1,"minecraft:oak_stairs":2,"biomesoplenty:webbing":8,"minecraft:deepslate_redstone_ore":9,"born_in_chaos_v1:evil_carved_pumpkin":1,"minecraft:kelp_plant":2,"biomesoplenty:glowworm_silk":1,"minecraft:smoker":3,"minecraft:amethyst_cluster":19,"minecraft:torch":114,"minecraft:calcite":8,"minecraft:chest":5,"minecraft:nether_quartz_ore":82,"minecraft:cobblestone":104,"minecraft:sugar_cane":2,"minecraft:oak_planks":8,"minecraft:wall_torch":118,"minecraft:amethyst_block":8,"minecraft:mud":1,"minecraft:wheat":22,"minecraft:pumpkin_stem":1,"minecraft:tnt":1,"minecraft:wither_rose":2,"minecraft:smooth_stone_slab":17,"minecraft:grass":46,"biomesoplenty:clover":22,"minecraft:oak_log":20,"minecraft:dark_oak_sapling":2,"minecraft:sand":51,"minecraft:dirt":54,"minecraft:smooth_basalt":25,"minecraft:tripwire_hook":1,"minecraft:stonecutter":1,"minecraft:netherrack":286,"minecraft:oak_leaves":6,"minecraft:deepslate":1167,"minecraft:tuff":87,"minecraft:mossy_cobblestone":2,"minecraft:dark_oak_leaves":3,"minecraft:deepslate_diamond_ore":157,"minecraft:dark_oak_log":196,"born_in_chaos_v1:black_argillite":4,"travelersbackpack:bookshelf":4,"travelersbackpack:white_sleeping_bag":1,"minecraft:spruce_leaves":10,"aquaculture:worm_farm":3,"minecraft:hay_block":1,"minecraft:redstone_ore":1,"minecraft:oak_trapdoor":1,"aquaculture:tackle_box":2,"minecraft:furnace":4,"minecraft:carrots":52,"minecraft:andesite":27,"biomesoplenty:sea_oats":1,"minecraft:bookshelf":83,"farmersdelight:rope":4,"biomesoplenty:high_grass":6,"minecraft:deepslate_iron_ore":1,"minecraft:vine":3,"biomesoplenty:spider_egg":1,"minecraft:stone":309,"iceandfire:podium_spruce":5,"minecraft:white_wool":2,"iceandfire:pixie_jar_empty":5,"minecraft:scaffolding":21,"minecraft:brown_carpet":6,"minecraft:crafting_table":10,"minecraft:rose_bush":3,"minecraft:campfire":1,"biomesoplenty:high_grass_plant":5,"minecraft:tall_grass":5,"minecraft:copper_ore":6,"biomesoplenty:huge_clover_petal":10,"minecraft:lapis_ore":10,"minecraft:diorite":17,"biomesoplenty:pink_daffodil":1,"minecraft:spruce_log":18,"minecraft:birch_leaves":1,"minecraft:coal_ore":130,"minecraft:gravel":20,"biomesoplenty:stringy_cobweb":1,"minecraft:cobweb":2,"minecraft:stone_bricks":8,"minecraft:mossy_stone_bricks":2,"minecraft:gold_ore":8},"minecraft:killed":{"minecraft:cave_spider":1,"minecraft:witch":1,"born_in_chaos_v1:restless_spirit":2,"born_in_chaos_v1:zombie_lumberjack":1,"zesshou_echoes_of_the_forlorn:dreadhoof":1,"born_in_chaos_v1:door_knight_not_despawn":1,"minecraft:spider":5,"minecraft:skeleton":4,"minecraft:chicken":9,"minecraft:silverfish":1,"born_in_chaos_v1:firelight_not_despawn":3,"artifacts:mimic":1,"minecraft:pig":7,"minecraft:creeper":1,"minecraft:sheep":16,"minecraft:pillager":7,"minecraft:zombie":12,"born_in_chaos_v1:dread_hound":5,"born_in_chaos_v1:corpse_fly":3,"born_in_chaos_v1:door_knight":1,"minecraft:cow":18,"born_in_chaos_v1:maggot":6,"zesshou_echoes_of_the_forlorn:brewer_skeleton":3,"mowziesmobs:umvuthana":2,"zesshou_echoes_of_the_forlorn:deceased_zombie":3,"born_in_chaos_v1:spiritof_chaos":1,"born_in_chaos_v1:fallen_chaos_knight":2,"born_in_chaos_v1:baby_skeleton":4,"zesshou_echoes_of_the_forlorn:fallen_knight":1,"born_in_chaos_v1:decrepit_skeleton":7,"born_in_chaos_v1:bloody_gadfly":1,"iceandfire:ghost":17,"alexsmobs:gazelle":10,"alexsmobs:crow":3},"minecraft:picked_up":{"minecraft:wheat":20,"minecraft:oak_stairs":2,"minecraft:enchanted_book":1,"minecraft:wither_rose":2,"minecraft:golden_sword":2,"minecraft:amethyst_block":8,"iceandfire:manuscript":1,"alexsmobs:gazelle_horn":4,"minecraft:string":4,"minecraft:raw_copper":21,"minecraft:smooth_stone_slab":18,"minecraft:iron_leggings":1,"minecraft:armor_stand":2,"minecraft:cobbled_deepslate":862,"minecraft:spruce_planks":5,"minecraft:rose_bush":2,"minecraft:calcite":8,"minecraft:iron_pickaxe":2,"minecraft:furnace":4,"minecraft:stick":9,"born_in_chaos_v1:shattered_skull":1,"minecraft:acacia_fence":1,"minecraft:composter":1,"minecraft:torch":227,"minecraft:acacia_log":13,"born_in_chaos_v1:pileof_dark_metal":1,"minecraft:porkchop":10,"minecraft:diorite":16,"minecraft:brown_carpet":6,"minecraft:stone_sword":1,"minecraft:rotten_flesh":36,"aquaculture:worm_farm":4,"alexsmobs:emu_egg":3,"farmersdelight:rope":15,"minecraft:obsidian":11,"minecraft:blaze_powder":2,"minecraft:cobblestone":472,"minecraft:enchanting_table":1,"minecraft:birch_log":2,"benssharks:silverfish":1,"minecraft:feather":20,"minecraft:andesite":27,"minecraft:brown_wool":1,"biomesoplenty:glowshroom":1,"minecraft:smoker":3,"minecraft:lapis_lazuli":83,"minecraft:dirt":117,"minecraft:lantern":3,"travelersbackpack:bookshelf":4,"born_in_chaos_v1:monster_skin":5,"minecraft:bone":27,"minecraft:stonecutter":1,"minecraft:wheat_seeds":87,"minecraft:raw_gold":8,"minecraft:mossy_stone_bricks":1,"minecraft:glowstone_dust":2,"minecraft:oak_planks":7,"iceandfire:podium_spruce":5,"minecraft:sand":48,"minecraft:dark_oak_log":198,"minecraft:barrel":18,"minecraft:iron_hoe":2,"born_in_chaos_v1:fire_dust":1,"minecraft:diamond":157,"waystones:waystone":1,"minecraft:granite":10,"minecraft:bone_meal":1,"minecraft:chainmail_helmet":1,"minecraft:emerald":1,"minecraft:bread":3,"biomesoplenty:pink_daffodil":1,"minecraft:netherrack":278,"minecraft:light_gray_carpet":1,"minecraft:mud":1,"minecraft:charcoal":2,"minecraft:crafting_table":11,"minecraft:chicken":10,"born_in_chaos_v1:seedof_chaos":3,"minecraft:brown_mushroom":3,"minecraft:chain":1,"aquaculture:gold_fishing_rod":1,"minecraft:oak_trapdoor":1,"minecraft:moss_carpet":3,"minecraft:wooden_sword":1,"minecraft:white_carpet":2,"minecraft:item_frame":6,"iceandfire:bestiary":2,"minecraft:beef":38,"born_in_chaos_v1:gnawed_bones":1,"biomesoplenty:wildflower":1,"minecraft:sugar_cane":5,"minecraft:chest":6,"minecraft:spruce_trapdoor":1,"minecraft:egg":4,"minecraft:dark_oak_sapling":11,"minecraft:raw_iron":88,"zesshou_echoes_of_the_forlorn:dread_leather":1,"born_in_chaos_v1:pieceofdarkmetal":8,"minecraft:carrot":142,"minecraft:redstone":49,"minecraft:blue_carpet":5,"minecraft:dark_oak_planks":30,"minecraft:tnt":1,"minecraft:arrow":8,"minecraft:hay_block":1,"artifacts:running_shoes":1,"minecraft:gold_ingot":2,"minecraft:mutton":34,"minecraft:rail":8,"minecraft:white_wool":17,"minecraft:oxeye_daisy":1,"born_in_chaos_v1:corpse_maggot":7,"born_in_chaos_v1:evil_carved_pumpkin":1,"minecraft:golden_carrot":7,"born_in_chaos_v1:monster_flesh":3,"aquaculture:tackle_box":2,"minecraft:tripwire_hook":2,"minecraft:leather":33,"minecraft:oak_log":20,"minecraft:chainmail_chestplate":2,"iceandfire:ectoplasm":7,"minecraft:cobblestone_stairs":4,"minecraft:gunpowder":4,"minecraft:white_banner":1,"minecraft:red_carpet":1,"minecraft:stone_bricks":8,"minecraft:apple":1,"iceandfire:pixie_jar_empty":4,"minecraft:kelp":12,"minecraft:iron_ingot":2,"minecraft:book":248,"minecraft:scaffolding":32,"iceandfire:copper_nugget":10,"minecraft:smooth_basalt":7,"minecraft:pumpkin":1,"minecraft:sweet_berries":2,"minecraft:quartz":140,"born_in_chaos_v1:ethereal_spirit":2,"minecraft:gravel":3,"minecraft:amethyst_shard":78,"minecraft:spruce_sapling":1,"minecraft:white_bed":9,"minecraft:spruce_log":18,"minecraft:spider_eye":2,"minecraft:pumpkin_seeds":39,"minecraft:stone_axe":1,"minecraft:iron_helmet":1,"minecraft:chainmail_leggings":1,"mowziesmobs:umvuthana_mask_fear":1,"minecraft:melon_seeds":8,"minecraft:coal":191},"minecraft:custom":{"minecraft:interact_with_crafting_table":162,"minecraft:open_barrel":497,"goblintraders:trade_with_goblin":45,"minecraft:leave_game":9,"minecraft:time_since_death":433641,"minecraft:sprint_one_cm":2259486,"minecraft:drop":59,"minecraft:talked_to_villager":17,"minecraft:play_time":704456,"minecraft:deaths":13,"minecraft:jump":10134,"minecraft:walk_on_water_one_cm":58427,"minecraft:enchant_item":2,"minecraft:interact_with_furnace":132,"minecraft:sleep_in_bed":39,"minecraft:waystone_activated":6,"minecraft:damage_dealt":33134,"minecraft:crouch_one_cm":49677,"minecraft:interact_with_smoker":97,"minecraft:interact_with_smithing_table":15,"minecraft:interact_with_anvil":1,"minecraft:mob_kills":160,"minecraft:damage_dealt_resisted":2244,"minecraft:climb_one_cm":10408,"minecraft:walk_one_cm":1558010,"minecraft:sneak_time":21923,"minecraft:walk_under_water_one_cm":27810,"minecraft:total_world_time":704456,"minecraft:interact_with_stonecutter":4,"minecraft:time_since_rest":17521,"minecraft:damage_taken":2147483647,"minecraft:damage_absorbed":40,"minecraft:trigger_trapped_chest":7,"minecraft:swim_one_cm":100380,"minecraft:fly_one_cm":2143603,"minecraft:open_chest":207,"minecraft:fall_one_cm":281394}},"DataVersion":3465}