{"stats":{"minecraft:dropped":{"minecraft:brown_mushroom":3,"minecraft:dark_oak_stairs":3,"biomesoplenty:pink_daffodil":1,"minecraft:crafting_table":1,"minecraft:dark_oak_sapling":1,"minecraft:leather":10,"born_in_chaos_v1:pieceofdarkmetal":4,"aquaculture:driftwood":1,"minecraft:rail":8,"minecraft:light_weighted_pressure_plate":1,"minecraft:dirt":10,"minecraft:birch_fence":1,"minecraft:dark_oak_fence":1,"minecraft:dark_oak_wood":4,"farmersdelight:onion":2,"minecraft:wooden_sword":1,"minecraft:bone_meal":1,"iceandfire:ash":5,"minecraft:iron_pickaxe":1,"minecraft:dark_oak_planks":19,"minecraft:cyan_carpet":10,"minecraft:armor_stand":1,"minecraft:bone":7,"minecraft:note_block":1,"minecraft:stone_axe":1,"minecraft:cobbled_deepslate":392,"minecraft:wheat":1,"minecraft:rotten_flesh":2,"minecraft:oak_planks":2,"minecraft:cooked_mutton":9,"minecraft:chainmail_chestplate":1,"minecraft:gunpowder":1,"biomesoplenty:wildflower":1,"minecraft:chest":1,"farmersdelight:rope":11,"minecraft:spruce_slab":3,"minecraft:beef":4,"iceandfire:manuscript":1,"minecraft:netherrack":15,"minecraft:egg":1,"minecraft:enchanted_book":1,"minecraft:bread":1,"minecraft:wheat_seeds":1,"minecraft:feather":8,"minecraft:cobblestone":93,"zesshou_echoes_of_the_forlorn:dread_leather":1,"minecraft:apple":2,"minecraft:granite":10,"minecraft:chainmail_helmet":1,"minecraft:purple_dye":1,"minecraft:spruce_stairs":3,"minecraft:stick":2,"minecraft:oxeye_daisy":1,"minecraft:cobweb":2,"minecraft:diorite":15,"minecraft:golden_carrot":7,"minecraft:smooth_quartz":43,"minecraft:melon_slice":7,"minecraft:rose_bush":2,"minecraft:brown_wool":1,"minecraft:oak_stairs":1,"minecraft:string":15,"minecraft:tripwire_hook":2,"minecraft:stone_brick_slab":1,"minecraft:smooth_basalt":7,"minecraft:kelp":1,"minecraft:moss_carpet":3,"iceandfire:witherbone":14,"minecraft:iron_hoe":1,"minecraft:damaged_anvil":1,"minecraft:spruce_fence":2,"minecraft:diamond_sword":2,"aquaculture:gold_fishing_rod":1,"minecraft:cyan_wool":3,"minecraft:shield":1,"minecraft:spruce_planks":5,"minecraft:andesite":1,"minecraft:redstone_torch":2,"minecraft:barrel":8,"minecraft:bow":1,"minecraft:wooden_pickaxe":2,"minecraft:calcite":4},"minecraft:broken":{"minecraft:diamond_helmet":1,"minecraft:iron_boots":1,"minecraft:iron_chestplate":1,"minecraft:iron_leggings":1,"minecraft:stone_pickaxe":1,"minecraft:diamond_boots":1,"minecraft:iron_sword":1,"minecraft:wooden_axe":1,"minecraft:golden_hoe":1,"minecraft:iron_axe":1,"minecraft:iron_pickaxe":5,"minecraft:iron_helmet":1},"minecraft:killed_by":{"iceandfire:gorgon":1},"minecraft:crafted":{"minecraft:smooth_stone":25,"minecraft:oak_planks":68,"travelersbackpack:crafting_upgrade":1,"minecraft:dark_oak_boat":1,"minecraft:cooked_chicken":6,"minecraft:stone":42,"minecraft:bookshelf":30,"minecraft:cooked_mutton":32,"minecraft:quartz_block":66,"minecraft:glass":48,"minecraft:bow":2,"aquaculture:gold_fishing_rod":1,"minecraft:diamond_helmet":1,"minecraft:diamond_leggings":1,"minecraft:iron_boots":1,"minecraft:chest":8,"minecraft:acacia_fence":3,"minecraft:smoker":1,"minecraft:glass_bottle":3,"minecraft:deepslate":69,"travelersbackpack:bookshelf":1,"travelersbackpack:iron_tier_upgrade":1,"aquaculture:worm_farm":1,"minecraft:cooked_porkchop":13,"minecraft:crafting_table":7,"aquaculture:tackle_box":1,"minecraft:spruce_planks":104,"travelersbackpack:standard":4,"minecraft:baked_potato":42,"minecraft:wooden_pickaxe":2,"minecraft:iron_helmet":1,"minecraft:smithing_table":1,"minecraft:copper_ingot":30,"farmersdelight:smoked_ham":1,"minecraft:birch_planks":8,"minecraft:campfire":1,"minecraft:dark_oak_slab":12,"minecraft:iron_chestplate":1,"minecraft:purple_dye":19,"aquaculture:iron_hook":1,"minecraft:birch_fence":3,"minecraft:stick":108,"born_in_chaos_v1:smoked_flesh":75,"minecraft:iron_ingot":118,"minecraft:iron_pickaxe":1,"minecraft:iron_block":7,"minecraft:gold_ingot":52,"aquaculture:iron_fishing_rod":1,"minecraft:composter":1,"aquaculture:gold_hook":1,"minecraft:shears":1,"minecraft:wooden_sword":1,"minecraft:golden_chestplate":1,"minecraft:iron_nugget":9,"iceandfire:dragonbone_sword_fire":2,"minecraft:furnace":4,"minecraft:bone_meal":24,"born_in_chaos_v1:smoked_monster_flesh":3,"travelersbackpack:blank_upgrade":4,"travelersbackpack:gold_tier_upgrade":1,"minecraft:diamond_block":2,"minecraft:flint_and_steel":1,"minecraft:dark_oak_fence":3,"travelersbackpack:white_sleeping_bag":2,"minecraft:iron_axe":1,"minecraft:ladder":6,"minecraft:iron_hoe":1,"born_in_chaos_v1:fried_maggot":2,"minecraft:stone_pickaxe":1,"minecraft:diamond_boots":1,"minecraft:dark_oak_planks":406,"travelersbackpack:diamond_tier_upgrade":1,"minecraft:cooked_beef":36,"iceandfire:dragonbone_sword":2,"editenchanting:enchantment_edit_table":1,"farmersdelight:cooked_mutton_chops":6,"minecraft:dark_oak_stairs":20,"aquaculture:fishing_line":1,"minecraft:enchanting_table":1,"born_in_chaos_v1:cultivated_pumpkin":1,"travelersbackpack:backpack_tank":6,"minecraft:iron_sword":2,"minecraft:bucket":2,"minecraft:bread":11,"minecraft:air":0,"minecraft:golden_apple":3,"minecraft:gold_nugget":9,"minecraft:wooden_axe":1,"minecraft:iron_shovel":1,"minecraft:iron_leggings":1,"minecraft:anvil":2,"minecraft:stonecutter":1,"minecraft:white_bed":2,"minecraft:acacia_planks":52,"minecraft:torch":80,"minecraft:lapis_block":2,"minecraft:diamond_chestplate":1},"minecraft:used":{"alexsmobs:emu_egg":2,"minecraft:iron_shovel":29,"minecraft:ladder":6,"minecraft:chest":9,"minecraft:iron_sword":682,"minecraft:rotten_flesh":1,"minecraft:carrot":184,"minecraft:obsidian":10,"born_in_chaos_v1:corpse_maggot":2,"born_in_chaos_v1:smoked_flesh":52,"minecraft:lava_bucket":2,"minecraft:stone_brick_stairs":3,"minecraft:stone_bricks":1,"minecraft:item_frame":1,"minecraft:brown_carpet":5,"minecraft:bow":15,"minecraft:scaffolding":22,"minecraft:sweet_berries":2,"minecraft:oak_sapling":1,"minecraft:furnace":7,"minecraft:acacia_fence":1,"minecraft:dark_oak_sapling":10,"minecraft:diamond_boots":1,"minecraft:damaged_anvil":1,"minecraft:oak_planks":3,"minecraft:stone_pickaxe":139,"minecraft:wooden_pickaxe":64,"travelersbackpack:iron_golem":16,"minecraft:composter":2,"minecraft:sugar_cane":5,"minecraft:cookie":5,"minecraft:golden_apple":3,"minecraft:white_wool":2,"iceandfire:podium_spruce":4,"minecraft:golden_hoe":39,"minecraft:sand":1,"minecraft:stone_brick_wall":2,"minecraft:pumpkin_seeds":8,"waystones:waystone":1,"minecraft:dark_oak_log":1,"editenchanting:enchantment_edit_table":1,"born_in_chaos_v1:evil_carved_pumpkin":1,"minecraft:bread":168,"minecraft:string":4,"aquaculture:worm_farm":4,"born_in_chaos_v1:smoked_monster_flesh":1,"minecraft:gravel":3,"minecraft:diamond_sword":10,"minecraft:wooden_sword":23,"minecraft:dark_oak_fence":3,"minecraft:smithing_table":1,"minecraft:smooth_stone_slab":4,"minecraft:bone_meal":15,"minecraft:oak_trapdoor":1,"minecraft:enchanting_table":2,"simplyswords:diamond_glaive":1207,"minecraft:flint_and_steel":4,"minecraft:light_gray_carpet":1,"minecraft:spruce_planks":35,"born_in_chaos_v1:fried_maggot":2,"minecraft:cooked_chicken":3,"minecraft:netherrack":124,"minecraft:oak_door":1,"minecraft:torch":364,"minecraft:dirt":51,"minecraft:anvil":2,"aquaculture:neptunes_bounty":1,"aquaculture:gold_fishing_rod":1,"farmersdelight:rope":3,"minecraft:iron_hoe":26,"minecraft:dark_oak_planks":93,"minecraft:wooden_axe":56,"minecraft:bookshelf":28,"aquaculture:iron_fishing_rod":289,"minecraft:iron_axe":382,"minecraft:smooth_quartz":323,"minecraft:barrel":9,"farmersdelight:cooked_mutton_chops":5,"minecraft:cooked_beef":35,"minecraft:cobbled_deepslate":410,"minecraft:wheat_seeds":20,"minecraft:cooked_mutton":17,"aquaculture:tackle_box":3,"minecraft:water_bucket":18,"minecraft:baked_potato":14,"minecraft:stonecutter":2,"minecraft:crafting_table":15,"born_in_chaos_v1:cultivated_pumpkin":1,"minecraft:white_bed":17,"minecraft:campfire":1,"minecraft:spruce_log":1,"minecraft:smoker":4,"farmersdelight:smoked_ham":1,"minecraft:diamond_pickaxe":3115,"minecraft:apple":20,"iceandfire:dragonbone_sword_fire":88,"travelersbackpack:bookshelf":7,"minecraft:iron_pickaxe":1531,"minecraft:stone_axe":120,"minecraft:blue_carpet":4,"minecraft:cobblestone":271,"travelersbackpack:standard":44,"minecraft:cooked_porkchop":3,"minecraft:bucket":28,"alexsmobs:animal_dictionary":1,"minecraft:kelp":10},"minecraft:mined":{"minecraft:dark_oak_planks":61,"minecraft:blue_carpet":1,"minecraft:large_amethyst_bud":2,"minecraft:spruce_planks":76,"minecraft:white_bed":15,"biomesoplenty:glowshroom":1,"iceandfire:copper_pile":1,"minecraft:cobblestone_stairs":7,"minecraft:obsidian":11,"minecraft:spruce_trapdoor":2,"minecraft:granite":10,"minecraft:budding_amethyst":2,"minecraft:acacia_log":12,"minecraft:grass_block":37,"minecraft:infested_cobblestone":1,"minecraft:composter":1,"minecraft:spawner":39,"minecraft:magma_block":19,"minecraft:iron_ore":92,"minecraft:barrel":10,"minecraft:fire":99,"minecraft:cobbled_deepslate":25,"biomesoplenty:lavender":21,"minecraft:moss_carpet":1,"minecraft:pumpkin":1,"minecraft:deepslate_lapis_ore":2,"minecraft:dark_oak_stairs":1,"minecraft:enchanting_table":1,"minecraft:oak_stairs":2,"biomesoplenty:webbing":8,"minecraft:tripwire":3,"minecraft:deepslate_redstone_ore":9,"minecraft:blackstone":7,"born_in_chaos_v1:evil_carved_pumpkin":1,"minecraft:kelp_plant":6,"biomesoplenty:glowworm_silk":1,"minecraft:smoker":3,"biomesoplenty:wildflower":1,"minecraft:amethyst_cluster":19,"minecraft:torch":142,"minecraft:dark_oak_wood":21,"minecraft:melon":2,"minecraft:calcite":8,"minecraft:chest":5,"minecraft:nether_quartz_ore":313,"minecraft:cobblestone":104,"minecraft:damaged_anvil":2,"minecraft:oak_planks":11,"minecraft:sugar_cane":2,"minecraft:wall_torch":141,"minecraft:amethyst_block":8,"minecraft:mud":1,"minecraft:wheat":22,"minecraft:pumpkin_stem":1,"minecraft:tnt":1,"minecraft:wither_rose":2,"minecraft:smooth_stone_slab":17,"minecraft:grass":59,"biomesoplenty:clover":24,"minecraft:oak_log":20,"minecraft:dark_oak_sapling":2,"minecraft:dirt":58,"minecraft:sand":60,"minecraft:smooth_quartz":486,"minecraft:smooth_basalt":25,"minecraft:tripwire_hook":1,"minecraft:ancient_debris":13,"minecraft:stonecutter":1,"minecraft:netherrack":1456,"minecraft:oak_leaves":6,"minecraft:deepslate":1167,"iceandfire:chared_stone":1,"iceandfire:lightning_lily":1,"minecraft:nether_gold_ore":26,"minecraft:dark_prismarine":8,"minecraft:tuff":87,"minecraft:mossy_cobblestone":5,"minecraft:dark_oak_leaves":3,"minecraft:deepslate_diamond_ore":157,"minecraft:dark_oak_log":196,"biomesoplenty:bush":1,"minecraft:spruce_fence":3,"born_in_chaos_v1:black_argillite":4,"travelersbackpack:white_sleeping_bag":2,"travelersbackpack:bookshelf":4,"minecraft:spruce_leaves":10,"minecraft:kelp":2,"aquaculture:worm_farm":3,"minecraft:hay_block":1,"minecraft:large_fern":2,"minecraft:redstone_ore":1,"minecraft:oak_trapdoor":1,"minecraft:furnace":4,"aquaculture:tackle_box":2,"minecraft:carrots":105,"minecraft:andesite":27,"biomesoplenty:sea_oats":1,"minecraft:bookshelf":84,"farmersdelight:rope":4,"biomesoplenty:high_grass":6,"minecraft:deepslate_iron_ore":1,"minecraft:vine":4,"minecraft:stone":313,"biomesoplenty:spider_egg":1,"iceandfire:podium_spruce":5,"minecraft:white_wool":2,"iceandfire:pixie_jar_empty":6,"minecraft:scaffolding":24,"minecraft:brown_carpet":6,"minecraft:crafting_table":10,"minecraft:rose_bush":3,"minecraft:campfire":1,"biomesoplenty:high_grass_plant":5,"minecraft:copper_ore":6,"minecraft:tall_grass":6,"minecraft:lapis_ore":10,"biomesoplenty:huge_clover_petal":10,"minecraft:diorite":17,"minecraft:spruce_stairs":1,"minecraft:coarse_dirt":3,"biomesoplenty:pink_daffodil":1,"minecraft:spruce_log":18,"minecraft:birch_leaves":1,"minecraft:coal_ore":130,"minecraft:cyan_carpet":7,"minecraft:gravel":21,"minecraft:cobweb":13,"biomesoplenty:stringy_cobweb":1,"minecraft:stone_bricks":8,"minecraft:mossy_stone_bricks":2,"minecraft:gold_ore":8,"minecraft:fern":3},"minecraft:killed":{"minecraft:cave_spider":16,"minecraft:zombified_piglin":8,"minecraft:witch":2,"born_in_chaos_v1:zombie_lumberjack":3,"born_in_chaos_v1:restless_spirit":4,"zesshou_echoes_of_the_forlorn:dreadhoof":1,"born_in_chaos_v1:door_knight_not_despawn":1,"minecraft:spider":32,"born_in_chaos_v1:siamese_skeletonsright":1,"minecraft:skeleton":20,"creeperoverhaul:dark_oak_creeper":1,"minecraft:chicken":9,"born_in_chaos_v1:skeleton_thrasher":1,"minecraft:silverfish":1,"born_in_chaos_v1:firelight_not_despawn":3,"artifacts:mimic":1,"minecraft:pig":8,"minecraft:zombie_villager":3,"minecraft:creeper":1,"minecraft:sheep":16,"minecraft:pillager":7,"minecraft:zombie":35,"born_in_chaos_v1:dread_hound":5,"born_in_chaos_v1:corpse_fly":5,"born_in_chaos_v1:door_knight":3,"born_in_chaos_v1:siamese_skeletonsleft":1,"minecraft:cow":18,"born_in_chaos_v1:missioner":1,"born_in_chaos_v1:zombie_bruiser":3,"born_in_chaos_v1:maggot":20,"iceandfire:fire_dragon":1,"zesshou_echoes_of_the_forlorn:brewer_skeleton":16,"alexsmobs:bison":1,"zesshou_echoes_of_the_forlorn:crying_skeleton":4,"alexsmobs:flying_fish":2,"mowziesmobs:umvuthana":2,"zesshou_echoes_of_the_forlorn:deceased_zombie":11,"born_in_chaos_v1:spiritof_chaos":1,"born_in_chaos_v1:fallen_chaos_knight":2,"born_in_chaos_v1:baby_skeleton":5,"zesshou_echoes_of_the_forlorn:fallen_knight":1,"born_in_chaos_v1:decrepit_skeleton":14,"born_in_chaos_v1:bloody_gadfly":1,"iceandfire:ghost":20,"alexsmobs:gazelle":10,"alexsmobs:crow":4,"minecraft:wither_skeleton":57},"minecraft:picked_up":{"born_in_chaos_v1:charmof_stealth":1,"minecraft:iron_chestplate":1,"minecraft:wheat":20,"minecraft:chainmail_boots":1,"minecraft:flower_pot":1,"minecraft:diamond_sword":9,"minecraft:oak_stairs":2,"minecraft:enchanted_book":4,"minecraft:wither_rose":2,"minecraft:potion":2,"minecraft:stone_brick_stairs":3,"minecraft:golden_sword":3,"minecraft:amethyst_block":8,"iceandfire:manuscript":1,"zesshou_echoes_of_the_forlorn:possesed_potion":1,"alexsmobs:gazelle_horn":4,"minecraft:string":69,"minecraft:raw_copper":21,"minecraft:smooth_stone_slab":18,"minecraft:iron_leggings":2,"minecraft:armor_stand":2,"minecraft:pufferfish":7,"minecraft:gold_nugget":192,"minecraft:cobbled_deepslate":862,"minecraft:bucket":1,"minecraft:spruce_planks":74,"minecraft:rose_bush":2,"minecraft:redstone_torch":4,"crittersandcompanions:koi_fish":4,"minecraft:calcite":8,"minecraft:iron_pickaxe":2,"minecraft:smooth_quartz":501,"minecraft:melon_slice":7,"minecraft:iron_boots":1,"minecraft:furnace":4,"minecraft:stick":11,"born_in_chaos_v1:shattered_skull":2,"minecraft:acacia_fence":1,"minecraft:composter":1,"minecraft:torch":284,"minecraft:acacia_log":13,"minecraft:spruce_stairs":3,"born_in_chaos_v1:pileof_dark_metal":2,"minecraft:porkchop":13,"aquaculture:atlantic_halibut":5,"minecraft:diorite":16,"minecraft:brown_carpet":6,"iceandfire:lightning_lily":1,"minecraft:stone_sword":1,"minecraft:rotten_flesh":119,"iceandfire:fire_dragon_heart":1,"aquaculture:worm_farm":4,"farmersdelight:rope":15,"alexsmobs:emu_egg":3,"zesshou_echoes_of_the_forlorn:tainted_tender_potion":1,"alexsmobs:flying_fish":2,"minecraft:obsidian":11,"minecraft:cobblestone":472,"minecraft:enchanting_table":1,"minecraft:cod":59,"minecraft:blaze_powder":7,"minecraft:nautilus_shell":3,"biomesoplenty:lavender":19,"minecraft:birch_log":2,"benssharks:silverfish":1,"born_in_chaos_v1:staffof_magic_arrows":1,"minecraft:feather":21,"minecraft:jungle_log":2,"born_in_chaos_v1:spiritual_dust":1,"aquaculture:tuna":5,"minecraft:andesite":27,"alexsmobs:bison_fur":1,"minecraft:brown_wool":1,"biomesoplenty:glowshroom":1,"minecraft:smoker":3,"minecraft:wither_skeleton_skull":3,"iceandfire:dragonscales_bronze":11,"minecraft:lapis_lazuli":83,"minecraft:dirt":141,"minecraft:lantern":3,"minecraft:name_tag":1,"born_in_chaos_v1:monster_skin":5,"travelersbackpack:bookshelf":4,"minecraft:bone":131,"minecraft:stonecutter":1,"minecraft:bow":6,"minecraft:wheat_seeds":88,"minecraft:raw_gold":8,"minecraft:mossy_stone_bricks":1,"minecraft:glowstone_dust":7,"minecraft:oak_planks":8,"aquaculture:atlantic_herring":68,"aquaculture:jellyfish":23,"iceandfire:podium_spruce":5,"aquaculture:worm":12,"iceandfire:dragon_skull_fire":1,"minecraft:sand":57,"aquaculture:neptunium_nugget":3,"minecraft:dark_oak_log":199,"minecraft:barrel":18,"minecraft:dark_prismarine":5,"minecraft:iron_hoe":2,"born_in_chaos_v1:fire_dust":1,"minecraft:diamond":157,"iceandfire:dragonbone_sword_fire":1,"waystones:waystone":1,"minecraft:granite":10,"minecraft:bone_meal":1,"minecraft:bread":4,"minecraft:chainmail_helmet":4,"minecraft:emerald":1,"biomesoplenty:pink_daffodil":1,"minecraft:light_gray_carpet":2,"minecraft:netherrack":763,"minecraft:dark_oak_fence":1,"minecraft:charcoal":2,"minecraft:mud":1,"minecraft:crafting_table":11,"minecraft:chicken":10,"iceandfire:witherbone":26,"born_in_chaos_v1:seedof_chaos":3,"minecraft:brown_mushroom":5,"minecraft:stone_brick_wall":2,"minecraft:chain":1,"minecraft:shield":1,"aquaculture:gold_fishing_rod":2,"minecraft:oak_trapdoor":1,"minecraft:moss_carpet":3,"minecraft:iron_axe":1,"minecraft:wooden_sword":1,"minecraft:item_frame":6,"minecraft:white_carpet":2,"minecraft:iron_shovel":1,"minecraft:cyan_carpet":20,"minecraft:blue_orchid":1,"iceandfire:bestiary":2,"minecraft:beef":45,"born_in_chaos_v1:gnawed_bones":1,"minecraft:cyan_wool":3,"minecraft:sugar_cane":5,"minecraft:spruce_slab":5,"biomesoplenty:wildflower":3,"minecraft:chest":6,"minecraft:spruce_trapdoor":2,"minecraft:egg":4,"minecraft:dark_oak_sapling":11,"minecraft:raw_iron":96,"iceandfire:dragonbone":7,"minecraft:oak_door":1,"zesshou_echoes_of_the_forlorn:dread_leather":1,"minecraft:bowl":1,"aquaculture:driftwood":1,"minecraft:note_block":1,"minecraft:spruce_fence":5,"minecraft:cookie":10,"minecraft:carrot":376,"born_in_chaos_v1:pieceofdarkmetal":9,"minecraft:redstone":54,"aquaculture:iron_fishing_rod":1,"minecraft:blue_carpet":6,"minecraft:dark_oak_planks":72,"minecraft:tnt":1,"minecraft:arrow":27,"born_in_chaos_v1:wood_splitter_axe":1,"minecraft:hay_block":1,"artifacts:running_shoes":1,"minecraft:saddle":2,"minecraft:gold_ingot":2,"born_in_chaos_v1:trident_hayfork":1,"minecraft:mutton":34,"born_in_chaos_v1:fused_bone":2,"minecraft:white_wool":17,"minecraft:rail":8,"minecraft:oxeye_daisy":1,"born_in_chaos_v1:corpse_maggot":11,"minecraft:purple_dye":1,"born_in_chaos_v1:monster_flesh":3,"born_in_chaos_v1:evil_carved_pumpkin":1,"minecraft:golden_carrot":7,"aquaculture:tackle_box":2,"minecraft:tripwire_hook":4,"minecraft:salmon":26,"minecraft:leather":34,"aquaculture:neptunes_bounty":1,"minecraft:oak_log":26,"minecraft:chainmail_chestplate":3,"minecraft:ancient_debris":13,"iceandfire:ectoplasm":8,"simplyswords:diamond_glaive":1,"minecraft:gunpowder":15,"minecraft:cobblestone_stairs":4,"minecraft:white_banner":1,"minecraft:red_carpet":1,"minecraft:apple":1,"minecraft:stone_bricks":9,"iceandfire:pixie_jar_empty":5,"minecraft:kelp":54,"minecraft:spruce_wood":9,"minecraft:iron_ingot":7,"minecraft:cobweb":2,"minecraft:dark_oak_stairs":3,"minecraft:book":254,"minecraft:scaffolding":39,"iceandfire:copper_nugget":10,"minecraft:smooth_basalt":7,"minecraft:pumpkin":1,"minecraft:sweet_berries":2,"iceandfire:ash":10,"minecraft:stone_brick_slab":1,"born_in_chaos_v1:ethereal_spirit":6,"minecraft:quartz":488,"minecraft:gravel":3,"minecraft:amethyst_shard":78,"aquaculture:red_grouper":25,"minecraft:spruce_sapling":1,"minecraft:white_bed":15,"minecraft:spruce_log":20,"minecraft:spider_eye":17,"aquaculture:message_in_a_bottle":1,"minecraft:pumpkin_seeds":39,"minecraft:stone_axe":1,"minecraft:chainmail_leggings":1,"minecraft:iron_helmet":1,"mowziesmobs:umvuthana_mask_fear":1,"minecraft:damaged_anvil":2,"minecraft:melon_seeds":8,"minecraft:dark_oak_wood":35,"minecraft:coal":207},"minecraft:custom":{"minecraft:interact_with_crafting_table":200,"minecraft:open_barrel":679,"goblintraders:trade_with_goblin":45,"minecraft:leave_game":14,"minecraft:time_since_death":232538,"minecraft:sprint_one_cm":3693465,"minecraft:drop":131,"minecraft:play_noteblock":1,"minecraft:talked_to_villager":18,"minecraft:play_time":1165717,"minecraft:deaths":20,"minecraft:jump":15594,"minecraft:walk_on_water_one_cm":84921,"minecraft:enchant_item":9,"minecraft:interact_with_furnace":134,"minecraft:sleep_in_bed":62,"minecraft:waystone_activated":8,"minecraft:damage_dealt":108130,"minecraft:crouch_one_cm":84295,"minecraft:interact_with_smoker":102,"minecraft:interact_with_smithing_table":20,"minecraft:interact_with_anvil":18,"minecraft:mob_kills":393,"minecraft:damage_dealt_resisted":12647,"minecraft:climb_one_cm":12923,"minecraft:walk_one_cm":2544294,"minecraft:sneak_time":42351,"minecraft:walk_under_water_one_cm":49007,"minecraft:total_world_time":1165717,"minecraft:tune_noteblock":1,"minecraft:interact_with_grindstone":1,"minecraft:interact_with_stonecutter":9,"minecraft:time_since_rest":8404,"minecraft:damage_taken":2147483647,"minecraft:damage_absorbed":119,"minecraft:trigger_trapped_chest":7,"minecraft:swim_one_cm":145279,"minecraft:fly_one_cm":3219735,"minecraft:open_chest":392,"minecraft:fish_caught":200,"minecraft:fall_one_cm":421477}},"DataVersion":3465}