{"stats":{"minecraft:killed":{"born_in_chaos_v1:zombie_clown":1,"minecraft:cave_spider":5,"born_in_chaos_v1:mr_pumpkin":21,"born_in_chaos_v1:restless_spirit":4,"born_in_chaos_v1:zombie_lumberjack":4,"zesshou_echoes_of_the_forlorn:dreadhoof":1,"born_in_chaos_v1:sir_the_headless":1,"born_in_chaos_v1:door_knight_not_despawn":2,"born_in_chaos_v1:pumpkin_spirit":1,"minecraft:spider":10,"minecraft:skeleton":32,"born_in_chaos_v1:skeleton_thrasher":1,"alexsmobs:centipede_head":2,"born_in_chaos_v1:firelight_not_despawn":6,"alexsmobs:kangaroo":1,"artifacts:mimic":2,"iceandfire:myrmex_worker":1,"minecraft:pig":12,"born_in_chaos_v1:diamond_termite":1,"zesshou_echoes_of_the_forlorn:tormentor":8,"minecraft:creeper":5,"minecraft:sheep":6,"minecraft:pillager":1,"minecraft:zombie":54,"born_in_chaos_v1:dread_hound":10,"born_in_chaos_v1:corpse_fly":18,"minecraft:stray":10,"alexsmobs:fly":2,"born_in_chaos_v1:door_knight":1,"alexsmobs:komodo_dragon":1,"born_in_chaos_v1:zombie_clown_not_despawn":1,"born_in_chaos_v1:zombie_bruiser":1,"born_in_chaos_v1:maggot":20,"born_in_chaos_v1:pumpkinhead":1,"zesshou_echoes_of_the_forlorn:brewer_skeleton":5,"zesshou_echoes_of_the_forlorn:crying_skeleton":1,"mowziesmobs:umvuthana":1,"zesshou_echoes_of_the_forlorn:deceased_zombie":8,"born_in_chaos_v1:barrel_zombie":2,"born_in_chaos_v1:spiritof_chaos":2,"born_in_chaos_v1:felsteed":1,"minecraft:husk":7,"born_in_chaos_v1:baby_skeleton":4,"alexsmobs:skunk":1,"born_in_chaos_v1:swarmer":2,"born_in_chaos_v1:spirit_guide_assistant":1,"zesshou_echoes_of_the_forlorn:fallen_knight":1,"iceandfire:troll":1,"born_in_chaos_v1:decrepit_skeleton":4,"alexsmobs:emu":2,"the_pillager_legion_:veteran_infantryman_tpl":10,"born_in_chaos_v1:bloody_gadfly":1,"alexsmobs:gazelle":1,"born_in_chaos_v1:dark_vortex":1,"the_pillager_legion_:infantryman_tpl":26,"minecraft:wither_skeleton":4,"minecraft:enderman":1},"minecraft:picked_up":{"minecraft:iron_chestplate":2,"minecraft:wheat":20,"simplyswords:gold_cutlass":1,"minecraft:chainmail_boots":2,"minecraft:diamond_sword":7,"iceandfire:myrmex_jungle_chitin":1,"minecraft:stone_brick_stairs":6,"minecraft:brewing_stand":1,"born_in_chaos_v1:holiday_candy":26,"born_in_chaos_v1:black_argillite":3,"zesshou_echoes_of_the_forlorn:possesed_potion":1,"iceandfire:manuscript":35,"minecraft:string":16,"minecraft:dark_oak_trapdoor":1,"minecraft:raw_copper":19,"minecraft:red_nether_bricks":1,"minecraft:iron_leggings":2,"minecraft:red_candle":2,"minecraft:sticky_piston":2,"the_pillager_legion_:legion_pickaxe_tpl":1,"minecraft:diamond_leggings":1,"alexsmobs:emu_feather":1,"minecraft:red_sand":34,"zesshou_echoes_of_the_forlorn:marked_potion":1,"minecraft:cobbled_deepslate":136,"minecraft:calcite":5,"the_pillager_legion_:legion_armor_leggings":1,"born_in_chaos_v1:stimulating_decoction":2,"minecraft:melon_slice":16,"the_pillager_legion_:legion_armor_helmet":6,"minecraft:mangrove_log":1,"farmersdelight:cabbage_seeds":4,"minecraft:furnace":4,"minecraft:tipped_arrow":9,"minecraft:stick":2,"born_in_chaos_v1:shattered_skull":1,"minecraft:torch":136,"minecraft:acacia_log":2,"minecraft:porkchop":34,"iceandfire:armor_bronze_chestplate":2,"minecraft:diorite":4,"minecraft:golden_chestplate":3,"iceandfire:troll_weapon_column_forest":1,"minecraft:quartz_block":10,"minecraft:rotten_flesh":94,"iceandfire:fire_dragon_heart":1,"minecraft:carved_pumpkin":1,"alexsmobs:emu_egg":2,"farmersdelight:rope":5,"minecraft:iron_bars":33,"minecraft:blaze_powder":2,"minecraft:cobblestone":219,"minecraft:birch_log":6,"benssharks:silverfish":5,"travelersbackpack:iron_golem":1,"minecraft:feather":1,"zesshou_echoes_of_the_forlorn:predominant_tooth":3,"minecraft:iron_door":6,"minecraft:andesite":22,"minecraft:potato":14,"minecraft:flint":3,"minecraft:tuff":2,"born_in_chaos_v1:black_argillite_button":1,"minecraft:lapis_lazuli":10,"farmersdelight:tomato":12,"minecraft:dirt":35,"iceandfire:dragonscales_bronze":22,"born_in_chaos_v1:monster_skin":5,"zesshou_echoes_of_the_forlorn:tenebrium":3,"minecraft:bone":62,"iceandfire:myrmex_jungle_resin":1,"minecraft:bow":4,"minecraft:wheat_seeds":155,"minecraft:dark_oak_sign":4,"minecraft:mossy_stone_bricks":10,"minecraft:diamond_helmet":3,"minecraft:oak_planks":84,"minecraft:mossy_stone_brick_stairs":4,"iceandfire:dragon_skull_fire":1,"minecraft:stripped_spruce_log":3,"minecraft:cyan_bed":1,"minecraft:dark_oak_log":1,"minecraft:mossy_cobblestone":5,"travelersbackpack:white_sleeping_bag":11,"minecraft:polished_andesite":9,"alexsmobs:kangaroo_hide":2,"born_in_chaos_v1:fire_dust":7,"minecraft:diamond":9,"iceandfire:crackled_stone":2,"iceandfire:dragonbone_sword_fire":1,"minecraft:granite":15,"minecraft:bone_meal":8,"minecraft:golden_apple":1,"zesshou_echoes_of_the_forlorn:bone_of_torment":9,"minecraft:chainmail_helmet":1,"minecraft:emerald":5,"minecraft:bread":4,"alexsmobs:maggot":1,"minecraft:oak_sapling":1,"minecraft:netherrack":4,"minecraft:bricks":11,"minecraft:crimson_roots":1,"iceandfire:raw_silver":2,"iceandfire:dragon_skull_lightning":1,"minecraft:crafting_table":7,"minecraft:rabbit_stew":1,"born_in_chaos_v1:seedof_chaos":2,"minecraft:leather_leggings":1,"minecraft:brown_mushroom":4,"minecraft:wooden_pickaxe":1,"minecraft:chain":2,"minecraft:shield":3,"minecraft:item_frame":1,"minecraft:iron_shovel":2,"minecraft:cracked_stone_bricks":2,"minecraft:candle":1,"born_in_chaos_v1:gnawed_bones":2,"biomesoplenty:wildflower":2,"minecraft:chest":1,"crittersandcompanions:clam":1,"minecraft:spruce_trapdoor":1,"minecraft:egg":1,"minecraft:dark_oak_sapling":1,"minecraft:raw_iron":169,"minecraft:stripped_mangrove_wood":1,"iceandfire:dragonbone":55,"iceandfire:troll_tusk":1,"zesshou_echoes_of_the_forlorn:dread_leather":1,"farmersdelight:tomato_seeds":8,"born_in_chaos_v1:pieceofdarkmetal":4,"minecraft:carrot":12,"minecraft:redstone":13,"minecraft:stone_pressure_plate":4,"minecraft:dark_oak_planks":3,"minecraft:polished_granite_stairs":2,"minecraft:arrow":41,"minecraft:diamond_chestplate":1,"minecraft:cooked_cod":3,"minecraft:beetroot_seeds":1,"born_in_chaos_v1:wood_splitter_axe":1,"minecraft:nether_bricks":3,"minecraft:deepslate_bricks":3,"minecraft:hay_block":18,"minecraft:stripped_dark_oak_wood":1,"the_pillager_legion_:legion_armor_boots":4,"minecraft:glow_berries":1,"minecraft:mutton":2,"alexsmobs:kangaroo_meat":2,"minecraft:white_wool":3,"born_in_chaos_v1:corpse_maggot":50,"minecraft:lime_bed":1,"born_in_chaos_v1:monster_flesh":10,"artifacts:digging_claws":1,"born_in_chaos_v1:pumpkin_staff":1,"minecraft:granite_stairs":2,"minecraft:chainmail_chestplate":1,"minecraft:oak_log":15,"iceandfire:armor_bronze_leggings":3,"minecraft:gunpowder":8,"minecraft:blue_bed":4,"minecraft:white_banner":1,"farmersdelight:organic_compost":1,"minecraft:cooked_mutton":2,"born_in_chaos_v1:soul_cutlass":3,"minecraft:gray_carpet":6,"minecraft:stone_bricks":8,"minecraft:iron_ingot":35,"minecraft:stone_pickaxe":1,"born_in_chaos_v1:chipped_black_argillite_brick":2,"the_pillager_legion_:legion_cut_deep_3":1,"minecraft:glass_bottle":6,"minecraft:iron_sword":4,"iceandfire:fire_dragon_flesh":4,"iceandfire:crackled_cobblestone":1,"minecraft:dark_oak_stairs":1,"iceandfire:armor_bronze_helmet":2,"zesshou_echoes_of_the_forlorn:elderflame_potion":1,"minecraft:chiseled_stone_bricks":1,"iceandfire:ash":2,"born_in_chaos_v1:ethereal_spirit":5,"minecraft:gravel":9,"born_in_chaos_v1:dark_rod":2,"minecraft:amethyst_shard":78,"minecraft:blast_furnace":2,"minecraft:spruce_log":4,"minecraft:nether_brick_slab":1,"minecraft:spider_eye":8,"artifacts:helium_flamingo":1,"minecraft:diamond_shovel":1,"minecraft:pumpkin_seeds":21,"minecraft:slime_ball":1,"zesshou_echoes_of_the_forlorn:sovereign_seed":1,"minecraft:chainmail_leggings":1,"minecraft:iron_helmet":3,"minecraft:diamond_axe":1,"minecraft:mossy_cobblestone_stairs":2,"minecraft:baked_potato":1,"minecraft:black_wool":1,"minecraft:coal":21},"minecraft:mined":{"minecraft:dark_oak_planks":3,"minecraft:large_amethyst_bud":1,"minecraft:spruce_planks":2,"minecraft:stone_pressure_plate":5,"minecraft:cobblestone_stairs":2,"minecraft:red_nether_bricks":1,"minecraft:spruce_trapdoor":1,"minecraft:brewing_stand":1,"minecraft:granite":17,"minecraft:budding_amethyst":1,"minecraft:grass_block":23,"minecraft:deepslate_bricks":3,"minecraft:chiseled_stone_bricks":1,"minecraft:spawner":95,"iceandfire:crackled_cobblestone":1,"minecraft:tall_seagrass":2,"minecraft:dark_oak_trapdoor":1,"minecraft:iron_ore":113,"born_in_chaos_v1:black_argillite_brick_slab":4,"minecraft:sticky_piston":1,"minecraft:fire":8,"minecraft:cobbled_deepslate":7,"minecraft:black_carpet":2,"minecraft:deepslate_lapis_ore":1,"minecraft:stripped_dark_oak_wood":1,"minecraft:azure_bluet":1,"minecraft:nether_brick_stairs":8,"minecraft:flowering_azalea_leaves":3,"minecraft:dirt_path":2,"minecraft:iron_bars":25,"minecraft:stripped_mangrove_wood":1,"minecraft:tripwire":1,"minecraft:brown_mushroom":1,"minecraft:quartz_block":26,"farmersdelight:organic_compost":1,"biomesoplenty:wildflower":1,"minecraft:amethyst_cluster":16,"minecraft:torch":35,"the_pillager_legion_:legion_deep":2,"minecraft:blast_furnace":2,"minecraft:calcite":4,"minecraft:chest":1,"minecraft:nether_brick_slab":1,"minecraft:mushroom_stem":1,"minecraft:cobblestone":17,"minecraft:cyan_bed":1,"minecraft:oak_planks":15,"minecraft:iron_door":4,"minecraft:wall_torch":61,"minecraft:amethyst_block":1,"minecraft:seagrass":2,"minecraft:chain":2,"minecraft:red_candle":1,"minecraft:birch_log":6,"minecraft:wheat":95,"born_in_chaos_v1:black_argillite_brick":1,"minecraft:stone_brick_stairs":5,"minecraft:grass":32,"minecraft:oak_log":8,"minecraft:dirt":20,"born_in_chaos_v1:infernal_evil_pumpkin_s":1,"minecraft:red_mushroom_block":1,"minecraft:netherrack":4,"minecraft:oak_leaves":36,"minecraft:deepslate":115,"minecraft:diamond_ore":1,"minecraft:tuff":2,"iceandfire:silver_ore":2,"minecraft:mossy_cobblestone":16,"minecraft:dark_oak_leaves":5,"minecraft:deepslate_diamond_ore":6,"biomesoplenty:desert_grass":2,"minecraft:dark_oak_log":1,"born_in_chaos_v1:infected_diamond_ore":1,"minecraft:nether_bricks":5,"born_in_chaos_v1:black_argillite":12,"the_pillager_legion_:legion_cut_deep_3":1,"minecraft:redstone_wire":1,"travelersbackpack:white_sleeping_bag":11,"farmersdelight:tomatoes":4,"minecraft:spruce_leaves":1,"born_in_chaos_v1:gnawed_bones":1,"minecraft:hay_block":17,"born_in_chaos_v1:black_argillite_column":1,"minecraft:black_stained_glass_pane":2,"minecraft:furnace":4,"minecraft:andesite":16,"minecraft:stripped_spruce_log":2,"minecraft:mossy_stone_brick_stairs":4,"minecraft:bookshelf":1,"minecraft:potatoes":17,"farmersdelight:rope":5,"biomesoplenty:high_grass":16,"minecraft:deepslate_iron_ore":47,"minecraft:vine":35,"crittersandcompanions:silk_cocoon":1,"minecraft:stone":160,"the_pillager_legion_:legion_stone":11,"minecraft:crafting_table":7,"biomesoplenty:high_grass_plant":19,"minecraft:copper_ore":1,"minecraft:tall_grass":23,"born_in_chaos_v1:chipped_black_argillite_brick":3,"minecraft:blue_bed":3,"farmersdelight:wild_beetroots":1,"minecraft:lime_bed":1,"minecraft:spruce_log":3,"minecraft:birch_leaves":2,"minecraft:mangrove_slab":4,"minecraft:coal_ore":18,"minecraft:gravel":12,"minecraft:gray_carpet":10,"minecraft:cracked_stone_bricks":1,"minecraft:polished_andesite":9,"minecraft:stone_bricks":5,"minecraft:mossy_stone_bricks":8},"minecraft:custom":{"minecraft:interact_with_crafting_table":57,"minecraft:open_barrel":91,"goblintraders:trade_with_goblin":18,"minecraft:eat_cake_slice":17,"minecraft:leave_game":15,"minecraft:time_since_death":52854,"minecraft:damage_resisted":39,"minecraft:sprint_one_cm":2001669,"minecraft:drop":278,"minecraft:talked_to_villager":14,"minecraft:play_time":618271,"minecraft:deaths":32,"minecraft:jump":7327,"minecraft:interact_with_brewingstand":4,"minecraft:walk_on_water_one_cm":139965,"minecraft:interact_with_furnace":72,"minecraft:interact_with_cartography_table":1,"minecraft:sleep_in_bed":34,"minecraft:waystone_activated":6,"minecraft:damage_dealt":71124,"minecraft:crouch_one_cm":98246,"minecraft:interact_with_smoker":17,"minecraft:inspect_dispenser":2,"minecraft:interact_with_smithing_table":3,"minecraft:interact_with_anvil":5,"minecraft:mob_kills":338,"minecraft:damage_dealt_resisted":8087,"minecraft:climb_one_cm":22136,"minecraft:walk_one_cm":2459500,"minecraft:sneak_time":28964,"minecraft:walk_under_water_one_cm":114458,"minecraft:interact_with_blast_furnace":11,"minecraft:total_world_time":618271,"minecraft:pot_flower":1,"minecraft:time_since_rest":1873,"minecraft:damage_absorbed":1165,"minecraft:damage_taken":28761,"minecraft:trigger_trapped_chest":3,"minecraft:swim_one_cm":492671,"minecraft:fly_one_cm":1378557,"minecraft:open_chest":357,"minecraft:fall_one_cm":260609},"minecraft:used":{"alexsmobs:emu_egg":2,"minecraft:beetroot":4,"minecraft:iron_shovel":13,"minecraft:rotten_flesh":1,"minecraft:chest":7,"minecraft:iron_sword":712,"minecraft:mutton":1,"minecraft:nether_bricks":3,"minecraft:carrot":50,"born_in_chaos_v1:soul_cutlass":7,"zesshou_echoes_of_the_forlorn:possesed_potion":1,"minecraft:stripped_spruce_log":1,"born_in_chaos_v1:corpse_maggot":5,"born_in_chaos_v1:smoked_flesh":5,"farmersdelight:tomato":3,"minecraft:lava_bucket":8,"minecraft:mangrove_log":1,"minecraft:bricks":2,"born_in_chaos_v1:mint_candy":5,"born_in_chaos_v1:gnawed_bones":2,"minecraft:stone_brick_stairs":3,"minecraft:stone_bricks":1,"minecraft:item_frame":1,"minecraft:rabbit_stew":1,"minecraft:bow":121,"minecraft:furnace":7,"minecraft:cooked_cod":35,"minecraft:egg":1,"minecraft:potato":22,"minecraft:dark_oak_stairs":1,"minecraft:mossy_stone_bricks":3,"minecraft:diamond_boots":2,"minecraft:oak_planks":85,"iceandfire:armor_bronze_helmet":1,"minecraft:stone_pickaxe":147,"minecraft:gray_carpet":1,"minecraft:dark_oak_sign":4,"minecraft:cookie":3,"minecraft:ender_pearl":5,"minecraft:wooden_pickaxe":25,"minecraft:mossy_stone_brick_stairs":1,"travelersbackpack:iron_golem":21,"minecraft:blue_bed":4,"farmersdelight:organic_compost":1,"minecraft:dark_oak_trapdoor":1,"minecraft:white_wool":2,"minecraft:golden_apple":33,"minecraft:glow_berries":1,"minecraft:blast_furnace":2,"born_in_chaos_v1:holiday_candy":26,"born_in_chaos_v1:monster_flesh":2,"minecraft:melon_slice":17,"minecraft:bread":92,"minecraft:cyan_bed":1,"minecraft:iron_door":3,"the_pillager_legion_:legion_cut_deep_3":1,"minecraft:diamond_sword":987,"minecraft:andesite":2,"iceandfire:troll_weapon_column_forest":1,"minecraft:golden_pickaxe":67,"minecraft:bone_meal":15,"zesshou_echoes_of_the_forlorn:elderflame_potion":1,"minecraft:iron_bars":28,"minecraft:stone_sword":127,"minecraft:carved_pumpkin":1,"minecraft:cooked_salmon":10,"minecraft:cooked_chicken":1,"minecraft:netherrack":1,"minecraft:torch":254,"minecraft:dirt":18,"minecraft:spyglass":43,"minecraft:anvil":1,"alexsmobs:cooked_kangaroo_meat":2,"minecraft:diamond_helmet":5,"minecraft:granite":12,"farmersdelight:rope":5,"minecraft:dark_oak_planks":1,"alexsmobs:maggot":1,"born_in_chaos_v1:chipped_black_argillite_brick":1,"born_in_chaos_v1:black_argillite_button":1,"iceandfire:armor_bronze_leggings":1,"the_pillager_legion_:legion_armor_helmet":1,"minecraft:stone_pressure_plate":1,"farmersdelight:tomato_seeds":4,"minecraft:cooked_beef":15,"minecraft:cobbled_deepslate":32,"minecraft:enchanted_golden_apple":1,"minecraft:cooked_mutton":2,"minecraft:wheat_seeds":105,"minecraft:water_bucket":50,"iceandfire:fire_dragon_flesh":4,"minecraft:birch_planks":4,"minecraft:polished_andesite":71,"minecraft:red_nether_bricks":1,"minecraft:baked_potato":48,"minecraft:deepslate_bricks":3,"minecraft:lime_bed":1,"minecraft:crafting_table":17,"minecraft:white_bed":1,"minecraft:cod":2,"biomesoplenty:wildflower":2,"minecraft:apple":39,"iceandfire:dragonbone_sword_fire":1,"minecraft:iron_pickaxe":625,"travelersbackpack:white_sleeping_bag":12,"minecraft:spruce_trapdoor":1,"simplyswords:gold_cutlass":27,"minecraft:chiseled_stone_bricks":1,"minecraft:cobblestone":189,"minecraft:white_banner":1,"minecraft:cooked_porkchop":15,"iceandfire:crackled_cobblestone":1,"minecraft:potion":1,"mowziesmobs:umvuthana_mask_fury":1,"minecraft:bucket":64,"alexsmobs:animal_dictionary":1,"minecraft:pumpkin_pie":8,"minecraft:candle":1},"minecraft:broken":{"minecraft:iron_sword":1,"minecraft:golden_chestplate":2,"minecraft:stone_sword":1,"minecraft:iron_pickaxe":1,"minecraft:golden_pickaxe":2},"minecraft:crafted":{"minecraft:oak_planks":44,"minecraft:cooked_chicken":1,"minecraft:bow":1,"minecraft:iron_boots":1,"minecraft:chest":6,"minecraft:cooked_porkchop":15,"minecraft:crafting_table":11,"minecraft:spruce_planks":44,"minecraft:iron_helmet":1,"minecraft:baked_potato":43,"minecraft:wooden_pickaxe":1,"minecraft:golden_pickaxe":1,"minecraft:birch_planks":24,"minecraft:iron_chestplate":1,"minecraft:diamond_pickaxe":1,"minecraft:purple_dye":2,"minecraft:stick":56,"born_in_chaos_v1:smoked_flesh":4,"minecraft:iron_ingot":47,"minecraft:iron_pickaxe":1,"minecraft:iron_block":3,"iceandfire:armor_bronze_helmet":1,"minecraft:coal":9,"minecraft:furnace":3,"minecraft:bone_meal":15,"travelersbackpack:white_sleeping_bag":2,"minecraft:stone_pickaxe":1,"iceandfire:armor_bronze_chestplate":1,"minecraft:dark_oak_planks":4,"minecraft:wheat":162,"minecraft:red_dye":1,"minecraft:cooked_cod":29,"minecraft:diamond_sword":1,"iceandfire:silver_ingot":2,"alexsmobs:cooked_kangaroo_meat":2,"minecraft:iron_sword":2,"minecraft:bucket":1,"minecraft:bread":88,"minecraft:air":0,"minecraft:blue_dye":1,"minecraft:white_wool":6,"minecraft:iron_leggings":2,"minecraft:anvil":1,"minecraft:white_bed":1,"iceandfire:armor_bronze_leggings":1,"minecraft:torch":112},"minecraft:killed_by":{"minecraft:husk":2},"minecraft:dropped":{"minecraft:iron_sword":3,"minecraft:birch_planks":4,"minecraft:brown_mushroom":2,"minecraft:porkchop":9,"minecraft:cooked_beef":2,"minecraft:oak_log":1,"minecraft:baked_potato":2,"iceandfire:armor_bronze_helmet":2,"minecraft:glass_bottle":4,"minecraft:crafting_table":1,"minecraft:dark_oak_sapling":1,"minecraft:flint":2,"born_in_chaos_v1:monster_flesh":4,"minecraft:dirt":15,"minecraft:mutton":1,"minecraft:crimson_roots":1,"minecraft:cooked_cod":7,"minecraft:bone_meal":12,"iceandfire:ash":2,"iceandfire:myrmex_jungle_chitin":1,"minecraft:bone":10,"minecraft:gravel":6,"born_in_chaos_v1:fire_dust":1,"alexsmobs:animal_dictionary":1,"minecraft:cobbled_deepslate":24,"minecraft:wheat":4,"born_in_chaos_v1:ethereal_spirit":2,"minecraft:beetroot":3,"minecraft:rotten_flesh":65,"born_in_chaos_v1:smoked_flesh":12,"minecraft:oak_planks":19,"minecraft:carrot":1,"minecraft:tipped_arrow":2,"born_in_chaos_v1:seedof_chaos":1,"minecraft:gunpowder":1,"born_in_chaos_v1:chipped_black_argillite_brick":1,"travelersbackpack:white_sleeping_bag":1,"the_pillager_legion_:legion_pickaxe_tpl":1,"minecraft:beetroot_seeds":1,"born_in_chaos_v1:corpse_maggot":34,"minecraft:iron_bars":1,"minecraft:stone_brick_stairs":1,"iceandfire:manuscript":35,"iceandfire:armor_bronze_leggings":3,"minecraft:enchanted_book":1,"the_pillager_legion_:legion_armor_helmet":3,"minecraft:water_bucket":1,"the_pillager_legion_:legion_armor_boots":3,"minecraft:iron_ingot":7,"minecraft:bread":21,"born_in_chaos_v1:wood_splitter_axe":1,"minecraft:wheat_seeds":249,"minecraft:mossy_cobblestone":3,"minecraft:diamond_leggings":1,"minecraft:poisonous_potato":1,"minecraft:lead":3,"minecraft:iron_helmet":2,"minecraft:cobblestone":6,"minecraft:granite":3,"born_in_chaos_v1:soul_cutlass":2,"minecraft:acacia_log":2,"minecraft:stick":2,"born_in_chaos_v1:black_argillite":3,"minecraft:torch":12,"minecraft:melon_slice":8,"minecraft:diamond_helmet":2,"minecraft:iron_leggings":1,"minecraft:granite_stairs":2,"minecraft:mossy_cobblestone_stairs":1,"minecraft:chainmail_leggings":2,"minecraft:iron_shovel":1,"minecraft:gray_carpet":3,"minecraft:redstone":12,"minecraft:bricks":5,"artifacts:kitty_slippers":2,"minecraft:raw_copper":2,"minecraft:bowl":1,"minecraft:tuff":2,"minecraft:raw_iron":12,"iceandfire:dragonbone_sword_fire":1,"iceandfire:myrmex_jungle_resin":1,"simplyswords:gold_cutlass":1,"iceandfire:armor_bronze_chestplate":2,"minecraft:diamond_sword":1,"minecraft:polished_granite_stairs":2,"minecraft:shield":2,"minecraft:andesite":20,"iceandfire:silver_ingot":2,"minecraft:mossy_stone_bricks":4,"minecraft:oak_sapling":1,"minecraft:spider_eye":4,"minecraft:diamond_boots":1,"minecraft:slime_ball":1,"minecraft:red_sand":34,"minecraft:stone_pickaxe":2,"minecraft:wooden_pickaxe":2,"iceandfire:crackled_stone":2,"minecraft:calcite":2,"minecraft:cooked_rabbit":2,"farmersdelight:tomato":2,"minecraft:black_wool":1}},"DataVersion":3465}