{"stats":{"minecraft:killed":{"minecraft:cave_spider":5,"born_in_chaos_v1:mr_pumpkin":21,"born_in_chaos_v1:restless_spirit":4,"born_in_chaos_v1:zombie_lumberjack":3,"zesshou_echoes_of_the_forlorn:dreadhoof":1,"born_in_chaos_v1:sir_the_headless":1,"born_in_chaos_v1:door_knight_not_despawn":2,"born_in_chaos_v1:pumpkin_spirit":1,"minecraft:spider":7,"minecraft:skeleton":27,"born_in_chaos_v1:skeleton_thrasher":1,"alexsmobs:centipede_head":1,"born_in_chaos_v1:firelight_not_despawn":6,"alexsmobs:kangaroo":1,"artifacts:mimic":2,"iceandfire:myrmex_worker":1,"minecraft:pig":12,"born_in_chaos_v1:diamond_termite":1,"minecraft:creeper":5,"minecraft:sheep":6,"minecraft:pillager":1,"minecraft:zombie":25,"born_in_chaos_v1:dread_hound":5,"born_in_chaos_v1:corpse_fly":17,"minecraft:stray":8,"alexsmobs:fly":1,"born_in_chaos_v1:door_knight":1,"alexsmobs:komodo_dragon":1,"born_in_chaos_v1:zombie_clown_not_despawn":1,"born_in_chaos_v1:maggot":5,"born_in_chaos_v1:pumpkinhead":1,"zesshou_echoes_of_the_forlorn:brewer_skeleton":4,"zesshou_echoes_of_the_forlorn:crying_skeleton":1,"mowziesmobs:umvuthana":1,"zesshou_echoes_of_the_forlorn:deceased_zombie":7,"born_in_chaos_v1:barrel_zombie":2,"born_in_chaos_v1:spiritof_chaos":1,"minecraft:husk":7,"born_in_chaos_v1:felsteed":1,"born_in_chaos_v1:baby_skeleton":3,"alexsmobs:skunk":1,"born_in_chaos_v1:swarmer":2,"born_in_chaos_v1:spirit_guide_assistant":1,"born_in_chaos_v1:decrepit_skeleton":3,"alexsmobs:emu":2,"alexsmobs:gazelle":1,"born_in_chaos_v1:dark_vortex":1,"minecraft:wither_skeleton":2},"minecraft:used":{"alexsmobs:emu_egg":2,"minecraft:beetroot":4,"minecraft:iron_shovel":13,"minecraft:chest":7,"minecraft:iron_sword":712,"minecraft:rotten_flesh":1,"minecraft:mutton":1,"minecraft:nether_bricks":3,"minecraft:carrot":36,"zesshou_echoes_of_the_forlorn:possesed_potion":1,"minecraft:stripped_spruce_log":1,"born_in_chaos_v1:corpse_maggot":5,"born_in_chaos_v1:smoked_flesh":5,"minecraft:lava_bucket":8,"minecraft:mangrove_log":1,"born_in_chaos_v1:mint_candy":5,"born_in_chaos_v1:gnawed_bones":1,"minecraft:stone_brick_stairs":2,"minecraft:stone_bricks":1,"minecraft:item_frame":1,"minecraft:bow":100,"minecraft:furnace":7,"minecraft:cooked_cod":19,"minecraft:egg":1,"minecraft:potato":22,"minecraft:dark_oak_stairs":1,"minecraft:mossy_stone_bricks":1,"minecraft:oak_planks":78,"minecraft:stone_pickaxe":147,"minecraft:gray_carpet":1,"minecraft:dark_oak_sign":4,"minecraft:ender_pearl":1,"minecraft:wooden_pickaxe":25,"minecraft:mossy_stone_brick_stairs":1,"travelersbackpack:iron_golem":13,"farmersdelight:organic_compost":1,"minecraft:golden_apple":24,"minecraft:white_wool":2,"minecraft:dark_oak_trapdoor":1,"minecraft:glow_berries":1,"minecraft:blast_furnace":2,"born_in_chaos_v1:holiday_candy":15,"born_in_chaos_v1:monster_flesh":1,"minecraft:bread":66,"minecraft:cyan_bed":1,"minecraft:iron_door":3,"minecraft:diamond_sword":391,"minecraft:andesite":1,"minecraft:golden_pickaxe":67,"minecraft:bone_meal":15,"minecraft:iron_bars":21,"minecraft:stone_sword":127,"minecraft:carved_pumpkin":1,"minecraft:cooked_salmon":10,"minecraft:cooked_chicken":1,"minecraft:netherrack":1,"minecraft:torch":203,"minecraft:dirt":15,"minecraft:anvil":1,"alexsmobs:cooked_kangaroo_meat":2,"minecraft:diamond_helmet":1,"minecraft:granite":12,"farmersdelight:rope":5,"minecraft:dark_oak_planks":1,"alexsmobs:maggot":1,"born_in_chaos_v1:chipped_black_argillite_brick":1,"born_in_chaos_v1:black_argillite_button":1,"minecraft:stone_pressure_plate":1,"farmersdelight:tomato_seeds":4,"minecraft:cooked_beef":13,"minecraft:cobbled_deepslate":10,"minecraft:cooked_mutton":2,"minecraft:wheat_seeds":82,"minecraft:water_bucket":34,"minecraft:polished_andesite":71,"minecraft:baked_potato":45,"minecraft:red_nether_bricks":1,"minecraft:lime_bed":1,"minecraft:crafting_table":11,"minecraft:cod":2,"biomesoplenty:wildflower":2,"minecraft:apple":15,"iceandfire:dragonbone_sword_fire":1,"minecraft:iron_pickaxe":477,"travelersbackpack:white_sleeping_bag":12,"minecraft:spruce_trapdoor":1,"simplyswords:gold_cutlass":27,"minecraft:chiseled_stone_bricks":1,"minecraft:cobblestone":103,"minecraft:white_banner":1,"minecraft:cooked_porkchop":6,"mowziesmobs:umvuthana_mask_fury":1,"minecraft:bucket":49,"minecraft:pumpkin_pie":2,"alexsmobs:animal_dictionary":1},"minecraft:mined":{"minecraft:dark_oak_planks":3,"minecraft:spruce_planks":2,"minecraft:stone_pressure_plate":5,"minecraft:cobblestone_stairs":2,"minecraft:red_nether_bricks":1,"minecraft:brewing_stand":1,"minecraft:spruce_trapdoor":1,"minecraft:granite":17,"minecraft:grass_block":22,"minecraft:chiseled_stone_bricks":1,"minecraft:spawner":85,"minecraft:tall_seagrass":1,"minecraft:dark_oak_trapdoor":1,"minecraft:iron_ore":113,"minecraft:cobbled_deepslate":1,"minecraft:sticky_piston":1,"born_in_chaos_v1:black_argillite_brick_slab":4,"minecraft:fire":5,"minecraft:black_carpet":2,"minecraft:nether_brick_stairs":8,"minecraft:stripped_dark_oak_wood":1,"minecraft:azure_bluet":1,"minecraft:flowering_azalea_leaves":3,"minecraft:dirt_path":2,"minecraft:iron_bars":23,"minecraft:stripped_mangrove_wood":1,"minecraft:tripwire":1,"minecraft:quartz_block":26,"farmersdelight:organic_compost":1,"biomesoplenty:wildflower":1,"minecraft:torch":31,"minecraft:blast_furnace":2,"minecraft:calcite":3,"minecraft:chest":1,"minecraft:nether_brick_slab":1,"minecraft:mushroom_stem":1,"minecraft:cobblestone":14,"minecraft:cyan_bed":1,"minecraft:oak_planks":13,"minecraft:iron_door":4,"minecraft:wall_torch":58,"minecraft:seagrass":2,"minecraft:chain":2,"minecraft:red_candle":1,"minecraft:birch_log":6,"minecraft:wheat":72,"born_in_chaos_v1:black_argillite_brick":1,"minecraft:stone_brick_stairs":5,"minecraft:grass":22,"minecraft:oak_log":8,"minecraft:dirt":20,"minecraft:red_mushroom_block":1,"born_in_chaos_v1:infernal_evil_pumpkin_s":1,"minecraft:netherrack":4,"minecraft:oak_leaves":34,"minecraft:deepslate":36,"minecraft:tuff":2,"iceandfire:silver_ore":2,"minecraft:dark_oak_leaves":1,"minecraft:mossy_cobblestone":16,"minecraft:deepslate_diamond_ore":6,"biomesoplenty:desert_grass":2,"born_in_chaos_v1:infected_diamond_ore":1,"minecraft:nether_bricks":4,"born_in_chaos_v1:black_argillite":12,"minecraft:redstone_wire":1,"travelersbackpack:white_sleeping_bag":11,"farmersdelight:tomatoes":4,"minecraft:spruce_leaves":1,"born_in_chaos_v1:gnawed_bones":1,"minecraft:hay_block":12,"born_in_chaos_v1:black_argillite_column":1,"minecraft:black_stained_glass_pane":2,"minecraft:furnace":4,"minecraft:andesite":15,"minecraft:stripped_spruce_log":2,"minecraft:mossy_stone_brick_stairs":4,"minecraft:bookshelf":1,"minecraft:potatoes":17,"farmersdelight:rope":5,"biomesoplenty:high_grass":16,"minecraft:deepslate_iron_ore":47,"minecraft:vine":24,"crittersandcompanions:silk_cocoon":1,"minecraft:stone":153,"minecraft:crafting_table":5,"biomesoplenty:high_grass_plant":18,"minecraft:copper_ore":1,"minecraft:tall_grass":23,"born_in_chaos_v1:chipped_black_argillite_brick":3,"farmersdelight:wild_beetroots":1,"minecraft:lime_bed":1,"minecraft:spruce_log":3,"minecraft:mangrove_slab":4,"minecraft:coal_ore":18,"minecraft:gravel":6,"minecraft:gray_carpet":10,"minecraft:cracked_stone_bricks":1,"minecraft:stone_bricks":5,"minecraft:polished_andesite":9,"minecraft:mossy_stone_bricks":6},"minecraft:picked_up":{"minecraft:wheat":20,"simplyswords:gold_cutlass":1,"minecraft:chainmail_boots":1,"minecraft:diamond_sword":5,"iceandfire:myrmex_jungle_chitin":1,"minecraft:stone_brick_stairs":4,"minecraft:brewing_stand":1,"born_in_chaos_v1:holiday_candy":26,"born_in_chaos_v1:black_argillite":3,"zesshou_echoes_of_the_forlorn:possesed_potion":1,"iceandfire:manuscript":35,"minecraft:string":9,"minecraft:dark_oak_trapdoor":1,"minecraft:sticky_piston":2,"minecraft:red_nether_bricks":1,"minecraft:iron_leggings":1,"minecraft:red_candle":2,"alexsmobs:emu_feather":1,"minecraft:red_sand":34,"minecraft:cobbled_deepslate":61,"zesshou_echoes_of_the_forlorn:marked_potion":1,"minecraft:calcite":5,"born_in_chaos_v1:stimulating_decoction":2,"minecraft:mangrove_log":1,"farmersdelight:cabbage_seeds":4,"minecraft:furnace":4,"minecraft:tipped_arrow":3,"minecraft:stick":2,"minecraft:torch":119,"minecraft:porkchop":34,"minecraft:diorite":4,"minecraft:quartz_block":10,"minecraft:rotten_flesh":57,"minecraft:carved_pumpkin":1,"alexsmobs:emu_egg":2,"farmersdelight:rope":5,"minecraft:iron_bars":22,"minecraft:blaze_powder":2,"minecraft:cobblestone":147,"minecraft:birch_log":6,"minecraft:feather":1,"minecraft:iron_door":5,"minecraft:andesite":21,"minecraft:potato":14,"minecraft:flint":1,"minecraft:tuff":2,"born_in_chaos_v1:black_argillite_button":1,"farmersdelight:tomato":9,"minecraft:dirt":34,"born_in_chaos_v1:monster_skin":4,"zesshou_echoes_of_the_forlorn:tenebrium":2,"minecraft:bone":47,"iceandfire:myrmex_jungle_resin":1,"minecraft:bow":2,"minecraft:wheat_seeds":143,"minecraft:dark_oak_sign":4,"minecraft:mossy_stone_bricks":1,"minecraft:oak_planks":75,"minecraft:mossy_stone_brick_stairs":3,"minecraft:stripped_spruce_log":3,"minecraft:cyan_bed":1,"minecraft:mossy_cobblestone":4,"travelersbackpack:white_sleeping_bag":11,"minecraft:polished_andesite":9,"alexsmobs:kangaroo_hide":2,"born_in_chaos_v1:fire_dust":7,"minecraft:diamond":7,"iceandfire:dragonbone_sword_fire":1,"minecraft:granite":15,"minecraft:bone_meal":8,"minecraft:golden_apple":1,"minecraft:emerald":5,"minecraft:bread":3,"alexsmobs:maggot":1,"minecraft:oak_sapling":1,"minecraft:netherrack":4,"minecraft:crimson_roots":1,"iceandfire:raw_silver":2,"minecraft:crafting_table":5,"born_in_chaos_v1:seedof_chaos":1,"minecraft:wooden_pickaxe":1,"minecraft:chain":2,"minecraft:item_frame":1,"minecraft:iron_shovel":2,"minecraft:cracked_stone_bricks":1,"born_in_chaos_v1:gnawed_bones":1,"biomesoplenty:wildflower":2,"minecraft:chest":1,"crittersandcompanions:clam":1,"minecraft:spruce_trapdoor":1,"minecraft:egg":1,"iceandfire:dragonbone":27,"minecraft:raw_iron":169,"minecraft:stripped_mangrove_wood":1,"zesshou_echoes_of_the_forlorn:dread_leather":1,"farmersdelight:tomato_seeds":8,"born_in_chaos_v1:pieceofdarkmetal":4,"minecraft:carrot":11,"minecraft:redstone":7,"minecraft:stone_pressure_plate":4,"minecraft:dark_oak_planks":3,"minecraft:arrow":36,"minecraft:diamond_chestplate":1,"minecraft:cooked_cod":3,"minecraft:beetroot_seeds":1,"minecraft:nether_bricks":3,"minecraft:hay_block":13,"minecraft:stripped_dark_oak_wood":1,"minecraft:glow_berries":1,"minecraft:mutton":2,"alexsmobs:kangaroo_meat":2,"minecraft:white_wool":3,"born_in_chaos_v1:corpse_maggot":23,"minecraft:lime_bed":1,"artifacts:digging_claws":1,"born_in_chaos_v1:monster_flesh":3,"born_in_chaos_v1:pumpkin_staff":1,"minecraft:oak_log":7,"minecraft:gunpowder":6,"minecraft:white_banner":1,"farmersdelight:organic_compost":1,"minecraft:cooked_mutton":2,"born_in_chaos_v1:soul_cutlass":1,"minecraft:stone_bricks":5,"minecraft:gray_carpet":6,"minecraft:iron_ingot":11,"minecraft:stone_pickaxe":1,"born_in_chaos_v1:chipped_black_argillite_brick":2,"minecraft:glass_bottle":1,"minecraft:iron_sword":4,"minecraft:dark_oak_stairs":1,"minecraft:chiseled_stone_bricks":1,"born_in_chaos_v1:ethereal_spirit":5,"minecraft:gravel":3,"born_in_chaos_v1:dark_rod":2,"minecraft:blast_furnace":2,"minecraft:nether_brick_slab":1,"minecraft:spruce_log":4,"minecraft:spider_eye":7,"artifacts:helium_flamingo":1,"minecraft:diamond_shovel":1,"minecraft:pumpkin_seeds":21,"minecraft:slime_ball":1,"minecraft:chainmail_leggings":1,"minecraft:black_wool":1,"minecraft:coal":19},"minecraft:custom":{"minecraft:interact_with_crafting_table":44,"minecraft:open_barrel":87,"goblintraders:trade_with_goblin":18,"minecraft:eat_cake_slice":15,"minecraft:leave_game":13,"minecraft:time_since_death":0,"minecraft:sprint_one_cm":1489791,"minecraft:drop":152,"minecraft:talked_to_villager":9,"minecraft:play_time":450850,"minecraft:deaths":23,"minecraft:jump":5216,"minecraft:interact_with_brewingstand":4,"minecraft:walk_on_water_one_cm":73354,"minecraft:interact_with_furnace":71,"minecraft:interact_with_cartography_table":1,"minecraft:sleep_in_bed":26,"minecraft:waystone_activated":5,"minecraft:damage_dealt":47188,"minecraft:crouch_one_cm":59812,"minecraft:interact_with_smoker":17,"minecraft:inspect_dispenser":2,"minecraft:interact_with_smithing_table":3,"minecraft:interact_with_anvil":5,"minecraft:mob_kills":218,"minecraft:damage_dealt_resisted":6706,"minecraft:climb_one_cm":14357,"minecraft:walk_one_cm":1930265,"minecraft:sneak_time":16690,"minecraft:walk_under_water_one_cm":32525,"minecraft:interact_with_blast_furnace":11,"minecraft:total_world_time":450850,"minecraft:pot_flower":1,"minecraft:time_since_rest":0,"minecraft:damage_taken":19907,"minecraft:damage_absorbed":883,"minecraft:trigger_trapped_chest":1,"minecraft:swim_one_cm":269151,"minecraft:fly_one_cm":1012800,"minecraft:open_chest":244,"minecraft:fall_one_cm":168730},"minecraft:killed_by":{"minecraft:husk":2},"minecraft:broken":{"minecraft:iron_sword":1,"minecraft:golden_chestplate":1,"minecraft:stone_sword":1,"minecraft:iron_pickaxe":1,"minecraft:golden_pickaxe":2},"minecraft:crafted":{"minecraft:oak_planks":20,"minecraft:cooked_chicken":1,"minecraft:bow":1,"minecraft:iron_boots":1,"minecraft:chest":6,"minecraft:cooked_porkchop":15,"minecraft:crafting_table":6,"minecraft:spruce_planks":44,"minecraft:iron_helmet":1,"minecraft:wooden_pickaxe":1,"minecraft:baked_potato":43,"minecraft:golden_pickaxe":1,"minecraft:iron_chestplate":1,"minecraft:diamond_pickaxe":1,"minecraft:purple_dye":2,"minecraft:stick":40,"born_in_chaos_v1:smoked_flesh":4,"minecraft:iron_ingot":47,"minecraft:iron_pickaxe":1,"minecraft:iron_block":3,"minecraft:coal":9,"minecraft:furnace":3,"minecraft:bone_meal":15,"travelersbackpack:white_sleeping_bag":2,"minecraft:stone_pickaxe":1,"minecraft:wheat":117,"minecraft:red_dye":1,"minecraft:cooked_cod":29,"minecraft:diamond_sword":1,"iceandfire:silver_ingot":2,"alexsmobs:cooked_kangaroo_meat":2,"minecraft:iron_sword":2,"minecraft:bucket":1,"minecraft:bread":66,"minecraft:air":0,"minecraft:blue_dye":1,"minecraft:white_wool":3,"minecraft:iron_leggings":1,"minecraft:anvil":1,"minecraft:torch":48},"minecraft:dropped":{"minecraft:iron_sword":3,"minecraft:porkchop":9,"minecraft:baked_potato":2,"minecraft:glass_bottle":2,"born_in_chaos_v1:monster_flesh":1,"minecraft:dirt":15,"minecraft:mutton":1,"minecraft:crimson_roots":1,"minecraft:cooked_cod":3,"minecraft:bone_meal":12,"iceandfire:myrmex_jungle_chitin":1,"minecraft:bone":2,"born_in_chaos_v1:fire_dust":1,"alexsmobs:animal_dictionary":1,"minecraft:cobbled_deepslate":24,"minecraft:wheat":2,"born_in_chaos_v1:ethereal_spirit":2,"minecraft:beetroot":3,"minecraft:rotten_flesh":55,"born_in_chaos_v1:smoked_flesh":12,"minecraft:oak_planks":18,"born_in_chaos_v1:seedof_chaos":1,"born_in_chaos_v1:chipped_black_argillite_brick":1,"travelersbackpack:white_sleeping_bag":1,"minecraft:beetroot_seeds":1,"born_in_chaos_v1:corpse_maggot":18,"iceandfire:manuscript":35,"minecraft:enchanted_book":1,"minecraft:iron_ingot":7,"minecraft:bread":13,"minecraft:wheat_seeds":197,"minecraft:mossy_cobblestone":2,"minecraft:poisonous_potato":1,"minecraft:cobblestone":5,"minecraft:granite":3,"minecraft:stick":2,"born_in_chaos_v1:black_argillite":3,"minecraft:torch":12,"minecraft:chainmail_leggings":2,"minecraft:iron_shovel":1,"minecraft:gray_carpet":3,"minecraft:redstone":12,"minecraft:tuff":2,"minecraft:raw_iron":12,"iceandfire:dragonbone_sword_fire":1,"iceandfire:myrmex_jungle_resin":1,"minecraft:andesite":20,"iceandfire:silver_ingot":2,"minecraft:oak_sapling":1,"minecraft:spider_eye":3,"minecraft:slime_ball":1,"minecraft:red_sand":34,"minecraft:stone_pickaxe":2,"minecraft:wooden_pickaxe":2,"minecraft:calcite":2,"farmersdelight:tomato":2,"minecraft:black_wool":1}},"DataVersion":3465}