{"stats":{"minecraft:picked_up":{"iceandfire:dragon_skull_lightning":1,"minecraft:wheat":13,"minecraft:allium":4,"minecraft:smithing_table":2,"minecraft:string":2,"minecraft:moss_carpet":3,"minecraft:cracked_stone_bricks":1,"minecraft:gold_nugget":202,"minecraft:beef":45,"minecraft:calcite":7,"minecraft:chest":6,"minecraft:furnace":1,"call_of_yucutan:polished_red_limestone":1,"iceandfire:dragonbone":27,"born_in_chaos_v1:shattered_skull":1,"minecraft:torch":1,"minecraft:porkchop":14,"minecraft:carrot":1,"minecraft:light_gray_bed":1,"minecraft:rotten_flesh":11,"minecraft:hay_block":2,"alexsmobs:emu_egg":1,"minecraft:mutton":24,"minecraft:white_wool":15,"minecraft:cobblestone":32,"born_in_chaos_v1:fused_bone":2,"born_in_chaos_v1:corpse_maggot":2,"born_in_chaos_v1:monster_flesh":1,"call_of_yucutan:chiseled_red_limestone":1,"minecraft:leather":20,"call_of_yucutan:ritual_rock_pillar":1,"minecraft:oak_log":53,"minecraft:dirt":32,"minecraft:blue_bed":2,"born_in_chaos_v1:monster_skin":1,"minecraft:cooked_mutton":9,"fromtheshadows:suspicious_cloth":1,"minecraft:bone":1,"minecraft:apple":1,"minecraft:stone_bricks":1,"minecraft:wheat_seeds":40,"call_of_yucutan:golden_torch":1,"minecraft:dark_oak_sign":4,"biomesoplenty:magic_log":12,"minecraft:mossy_stone_bricks":1,"minecraft:oak_planks":24,"biomesoplenty:toadstool":4,"minecraft:sand":45,"minecraft:stripped_spruce_log":4,"minecraft:cyan_bed":5,"call_of_yucutan:red_limestone_tiles":1,"minecraft:spruce_log":2,"minecraft:mossy_cobblestone":2,"biomesoplenty:glowflower":3,"biomesoplenty:magic_planks":6,"waystones:waystone":2,"minecraft:emerald":1,"minecraft:bread":4,"minecraft:oak_sapling":2,"minecraft:black_wool":1,"minecraft:coal":36},"minecraft:killed":{"born_in_chaos_v1:door_knight_not_despawn":1,"minecraft:spider":2,"born_in_chaos_v1:maggot":2,"minecraft:husk":1,"minecraft:pig":6,"fromtheshadows:cleric":1,"born_in_chaos_v1:decrepit_skeleton":2,"minecraft:sheep":17,"minecraft:pillager":1,"born_in_chaos_v1:corpse_fly":2,"minecraft:cow":21},"minecraft:mined":{"minecraft:mossy_cobblestone":2,"minecraft:acacia_log":1,"minecraft:allium":3,"minecraft:grass_block":12,"call_of_yucutan:golden_torch_wall":1,"call_of_yucutan:chiseled_red_limestone":1,"biomesoplenty:flowering_oak_leaves":1,"minecraft:light_gray_bed":1,"minecraft:spawner":7,"minecraft:hay_block":2,"minecraft:furnace":1,"minecraft:stripped_spruce_log":5,"minecraft:moss_carpet":1,"minecraft:dark_oak_stairs":1,"biomesoplenty:magic_log":12,"biomesoplenty:high_grass":14,"iceandfire:gold_pile":24,"biomesoplenty:glowflower":3,"minecraft:stone":36,"minecraft:cake":1,"minecraft:smithing_table":2,"minecraft:hanging_roots":1,"call_of_yucutan:red_limestone_tiles":1,"biomesoplenty:wildflower":1,"minecraft:calcite":7,"minecraft:chest":5,"biomesoplenty:high_grass_plant":18,"minecraft:tall_grass":4,"minecraft:cobblestone":7,"biomesoplenty:sprout":16,"minecraft:cyan_bed":5,"minecraft:oak_planks":24,"call_of_yucutan:polished_red_limestone":1,"minecraft:blue_bed":2,"biomesoplenty:magic_planks":6,"minecraft:wheat":15,"minecraft:spruce_log":2,"minecraft:birch_leaves":1,"minecraft:grass":13,"biomesoplenty:clover":4,"minecraft:oak_log":54,"minecraft:coal_ore":39,"call_of_yucutan:ritual_rock_pillar":1,"minecraft:sand":45,"minecraft:dirt":19,"minecraft:cobweb":2,"minecraft:cracked_stone_bricks":1,"minecraft:stone_bricks":1,"minecraft:mossy_stone_bricks":1,"minecraft:oak_leaves":5},"minecraft:custom":{"minecraft:interact_with_smithing_table":3,"minecraft:mob_kills":56,"minecraft:interact_with_crafting_table":38,"minecraft:open_barrel":71,"minecraft:damage_dealt_resisted":1025,"minecraft:eat_cake_slice":5,"minecraft:leave_game":8,"minecraft:time_since_death":20268,"minecraft:climb_one_cm":8244,"minecraft:damage_resisted":60,"minecraft:sprint_one_cm":960818,"minecraft:walk_one_cm":712551,"minecraft:drop":52,"minecraft:play_time":232126,"minecraft:deaths":20,"minecraft:sneak_time":968,"minecraft:walk_under_water_one_cm":14333,"minecraft:jump":4836,"minecraft:interact_with_brewingstand":1,"minecraft:interact_with_blast_furnace":4,"minecraft:walk_on_water_one_cm":41426,"minecraft:total_world_time":232126,"minecraft:interact_with_furnace":38,"minecraft:sleep_in_bed":11,"minecraft:time_since_rest":4633,"minecraft:waystone_activated":3,"minecraft:damage_taken":7535,"minecraft:damage_dealt":7544,"minecraft:swim_one_cm":77416,"minecraft:fly_one_cm":1094725,"minecraft:open_chest":119,"minecraft:crouch_one_cm":3668,"minecraft:interact_with_smoker":9,"minecraft:fall_one_cm":127708},"minecraft:dropped":{"minecraft:wheat_seeds":3,"minecraft:stick":2,"minecraft:emerald":1,"born_in_chaos_v1:monster_flesh":1,"born_in_chaos_v1:monster_skin":1,"iceandfire:dragonbone":27,"biomesoplenty:toadstool":2,"minecraft:dark_oak_sign":2,"minecraft:rotten_flesh":4,"minecraft:carrot":8,"minecraft:allium":2,"born_in_chaos_v1:corpse_maggot":2,"minecraft:chest":1},"minecraft:broken":{"minecraft:wooden_pickaxe":1,"minecraft:wooden_axe":1},"minecraft:killed_by":{"minecraft:husk":2},"minecraft:crafted":{"minecraft:wooden_sword":2,"minecraft:oak_door":3,"minecraft:oak_planks":212,"minecraft:cooked_chicken":1,"minecraft:furnace":3,"travelersbackpack:blank_upgrade":4,"minecraft:cooked_mutton":2,"minecraft:glass":37,"travelersbackpack:white_sleeping_bag":1,"minecraft:chest":6,"biomesoplenty:magic_planks":48,"minecraft:golden_boots":1,"minecraft:cooked_beef":34,"minecraft:wooden_shovel":1,"travelersbackpack:iron_tier_upgrade":1,"minecraft:crafting_table":5,"minecraft:spruce_planks":24,"travelersbackpack:backpack_tank":4,"minecraft:wooden_pickaxe":2,"travelersbackpack:standard":1,"minecraft:baked_potato":3,"minecraft:iron_sword":1,"minecraft:bread":4,"minecraft:air":0,"minecraft:stick":20,"born_in_chaos_v1:smoked_flesh":1,"minecraft:iron_pickaxe":1,"minecraft:wooden_axe":1,"minecraft:gold_ingot":10},"minecraft:used":{"alexsmobs:emu_egg":1,"minecraft:chest":8,"minecraft:spruce_planks":6,"minecraft:iron_sword":164,"minecraft:wooden_shovel":27,"minecraft:cooked_chicken":1,"minecraft:oak_door":2,"call_of_yucutan:polished_red_limestone":1,"minecraft:torch":24,"minecraft:dirt":32,"minecraft:mutton":2,"minecraft:carrot":47,"farmersdelight:rope":2,"minecraft:glass":8,"born_in_chaos_v1:smoked_flesh":2,"minecraft:wooden_axe":65,"call_of_yucutan:red_limestone_tiles":1,"minecraft:iron_axe":44,"minecraft:stone_bricks":1,"minecraft:beef":2,"minecraft:hay_block":2,"minecraft:oak_sapling":2,"minecraft:furnace":4,"minecraft:calcite":7,"minecraft:wheat_seeds":19,"minecraft:cooked_mutton":6,"minecraft:mossy_stone_bricks":1,"minecraft:dark_oak_sign":1,"minecraft:oak_planks":105,"minecraft:wooden_pickaxe":74,"biomesoplenty:glowflower":1,"minecraft:blue_bed":2,"minecraft:cracked_stone_bricks":1,"minecraft:mossy_cobblestone":2,"minecraft:crafting_table":5,"minecraft:mushroom_stew":2,"biomesoplenty:magic_planks":54,"call_of_yucutan:ritual_rock_pillar":1,"minecraft:cake":5,"waystones:waystone":1,"call_of_yucutan:chiseled_red_limestone":1,"minecraft:apple":11,"minecraft:bread":12,"minecraft:cyan_bed":4,"minecraft:iron_pickaxe":90,"simplyswords:soulkeeper":2,"minecraft:wooden_sword":53,"minecraft:cobblestone":16,"travelersbackpack:standard":5,"minecraft:smithing_table":2,"minecraft:pumpkin_pie":1,"minecraft:experience_bottle":1}},"DataVersion":3465}