{"stats":{"minecraft:killed":{"minecraft:cave_spider":11,"born_in_chaos_v1:door_knight_not_despawn":1,"minecraft:spider":11,"minecraft:skeleton":29,"minecraft:pig":6,"fromtheshadows:cleric":1,"minecraft:sheep":17,"minecraft:pillager":1,"minecraft:zombie":58,"born_in_chaos_v1:dread_hound":4,"born_in_chaos_v1:corpse_fly":7,"minecraft:stray":9,"alexsmobs:fly":1,"born_in_chaos_v1:door_knight":1,"minecraft:cow":25,"born_in_chaos_v1:skeleton_thrasher_not_despawn":1,"born_in_chaos_v1:maggot":17,"zesshou_echoes_of_the_forlorn:brewer_skeleton":3,"minecraft:drowned":1,"goblintraders:goblin_trader":1,"zesshou_echoes_of_the_forlorn:deceased_zombie":1,"minecraft:husk":1,"born_in_chaos_v1:baby_skeleton":3,"born_in_chaos_v1:swarmer":1,"minecraft:bat":1,"born_in_chaos_v1:decrepit_skeleton":3,"born_in_chaos_v1:bloody_gadfly":1,"born_in_chaos_v1:dark_vortex":2,"minecraft:wither_skeleton":3},"minecraft:picked_up":{"minecraft:black_carpet":2,"minecraft:wheat":13,"minecraft:chainmail_boots":1,"minecraft:flower_pot":2,"minecraft:smithing_table":3,"minecraft:enchanted_book":1,"minecraft:string":29,"minecraft:iron_leggings":1,"minecraft:armor_stand":1,"minecraft:diamond_leggings":1,"minecraft:gold_nugget":278,"zesshou_echoes_of_the_forlorn:marked_potion":1,"minecraft:spruce_planks":5,"minecraft:rose_bush":56,"minecraft:calcite":7,"minecraft:iron_pickaxe":1,"simplyswords:soulkeeper":1,"minecraft:furnace":4,"iceandfire:pixie_dust":2,"minecraft:tipped_arrow":4,"minecraft:golden_helmet":3,"minecraft:stick":6,"born_in_chaos_v1:shattered_skull":2,"minecraft:torch":10,"travelersbackpack:iron_tier_upgrade":1,"minecraft:porkchop":14,"minecraft:golden_chestplate":1,"minecraft:brown_carpet":11,"iceandfire:lightning_lily":1,"minecraft:quartz_block":16,"minecraft:mangrove_stairs":2,"minecraft:rotten_flesh":81,"minecraft:light_gray_bed":4,"farmersdelight:onion":1,"alexsmobs:emu_egg":1,"minecraft:iron_bars":29,"minecraft:blaze_powder":2,"minecraft:cobblestone":76,"minecraft:cooked_beef":4,"farmersdelight:rice":4,"call_of_yucutan:chiseled_red_limestone":1,"minecraft:andesite":8,"minecraft:golden_leggings":2,"minecraft:potato":15,"call_of_yucutan:ritual_rock_pillar":1,"minecraft:lapis_lazuli":46,"minecraft:dirt":63,"minecraft:polished_granite":1,"born_in_chaos_v1:monster_skin":2,"fromtheshadows:suspicious_cloth":1,"minecraft:glass":5,"minecraft:bone":70,"minecraft:bow":2,"minecraft:wheat_seeds":45,"call_of_yucutan:golden_torch":1,"minecraft:dark_oak_sign":4,"minecraft:mossy_stone_bricks":7,"minecraft:oak_planks":24,"biomesoplenty:toadstool":4,"minecraft:cooked_porkchop":7,"minecraft:sand":45,"call_of_yucutan:obsidian_arrow":1,"minecraft:stripped_spruce_log":4,"minecraft:nether_brick_stairs":3,"minecraft:cyan_bed":5,"minecraft:fermented_spider_eye":1,"minecraft:dark_oak_log":41,"minecraft:mossy_cobblestone":8,"biomesoplenty:glowflower":5,"minecraft:diamond":4,"biomesoplenty:magic_planks":6,"waystones:waystone":5,"iceandfire:dragonbone_sword_fire":3,"minecraft:granite":6,"minecraft:bread":30,"minecraft:emerald":1,"minecraft:oak_sapling":7,"iceandfire:raw_silver":4,"iceandfire:dragon_skull_lightning":1,"minecraft:crafting_table":3,"minecraft:allium":7,"iceandfire:witherbone":2,"iceandfire:fire_lily":1,"minecraft:leather_leggings":1,"iceandfire:amphithere_arrow":1,"minecraft:shield":1,"minecraft:cornflower":1,"minecraft:moss_carpet":3,"minecraft:iron_axe":4,"minecraft:item_frame":1,"minecraft:white_carpet":2,"minecraft:iron_shovel":1,"minecraft:cracked_stone_bricks":3,"simplyswords:runic_tablet":2,"minecraft:beef":48,"minecraft:oak_boat":1,"minecraft:poppy":7,"biomesoplenty:wildflower":1,"minecraft:chest":20,"call_of_yucutan:polished_red_limestone":1,"minecraft:egg":4,"minecraft:stripped_mangrove_wood":1,"iceandfire:dragonbone":27,"minecraft:oak_door":1,"minecraft:cookie":5,"born_in_chaos_v1:pieceofdarkmetal":3,"minecraft:carrot":2,"minecraft:redstone":1,"minecraft:dark_oak_planks":3,"minecraft:arrow":47,"minecraft:diamond_chestplate":2,"minecraft:cooked_cod":2,"minecraft:nether_bricks":5,"minecraft:hay_block":2,"minecraft:mutton":24,"minecraft:skeleton_skull":1,"minecraft:white_wool":15,"minecraft:oxeye_daisy":1,"born_in_chaos_v1:fused_bone":4,"born_in_chaos_v1:corpse_maggot":16,"born_in_chaos_v1:monster_flesh":9,"minecraft:leather":30,"minecraft:oak_log":53,"minecraft:chainmail_chestplate":2,"minecraft:golden_boots":2,"minecraft:nether_wart_block":1,"minecraft:gunpowder":3,"minecraft:blue_bed":3,"minecraft:cooked_mutton":16,"minecraft:gray_carpet":7,"minecraft:apple":13,"minecraft:stone_bricks":3,"minecraft:rabbit_hide":1,"minecraft:iron_ingot":2,"biomesoplenty:magic_log":12,"minecraft:glass_bottle":1,"biomesoplenty:umbran_log":6,"travelersbackpack:blank_upgrade":3,"minecraft:iron_sword":1,"born_in_chaos_v1:ethereal_spirit":3,"born_in_chaos_v1:dark_rod":4,"minecraft:spruce_log":9,"call_of_yucutan:red_limestone_tiles":1,"minecraft:spider_eye":18,"minecraft:leather_helmet":2,"biomesoplenty:flowering_oak_sapling":2,"travelersbackpack:standard":5,"minecraft:diamond_shovel":1,"minecraft:pumpkin_seeds":6,"minecraft:chainmail_leggings":1,"minecraft:iron_helmet":2,"minecraft:baked_potato":3,"minecraft:black_wool":1,"minecraft:coal":137},"minecraft:mined":{"minecraft:spruce_planks":5,"minecraft:granite":7,"minecraft:acacia_log":1,"minecraft:grass_block":17,"call_of_yucutan:golden_torch_wall":1,"biomesoplenty:flowering_oak_leaves":1,"minecraft:light_gray_bed":4,"minecraft:spawner":74,"minecraft:moss_carpet":1,"minecraft:nether_brick_stairs":3,"minecraft:dark_oak_stairs":1,"iceandfire:gold_pile":25,"minecraft:dirt_path":1,"biomesoplenty:glowflower":3,"minecraft:iron_bars":26,"biomesoplenty:webbing":2,"minecraft:potted_cornflower":1,"minecraft:quartz_block":17,"biomesoplenty:wildflower":2,"minecraft:torch":4,"minecraft:calcite":7,"minecraft:poppy":10,"minecraft:chest":19,"iceandfire:fire_lily":1,"minecraft:cobblestone":12,"minecraft:cyan_bed":5,"minecraft:oak_planks":24,"call_of_yucutan:polished_red_limestone":1,"minecraft:wall_torch":3,"biomesoplenty:magic_planks":6,"minecraft:nether_wart_block":1,"minecraft:wheat":15,"biomesoplenty:umbran_log":6,"minecraft:grass":39,"biomesoplenty:clover":7,"minecraft:oak_log":54,"minecraft:sand":45,"minecraft:dirt":46,"minecraft:oak_leaves":8,"iceandfire:lightning_lily":1,"iceandfire:silver_ore":4,"minecraft:mossy_cobblestone":8,"minecraft:dark_oak_leaves":2,"minecraft:oak_door":1,"minecraft:dark_oak_log":41,"minecraft:nether_bricks":8,"minecraft:allium":3,"call_of_yucutan:chiseled_red_limestone":1,"travelersbackpack:white_sleeping_bag":1,"minecraft:hay_block":2,"farmersdelight:wild_onions":1,"minecraft:furnace":4,"minecraft:andesite":13,"minecraft:stripped_spruce_log":5,"biomesoplenty:magic_log":12,"biomesoplenty:high_grass":19,"minecraft:vine":63,"minecraft:stone":75,"minecraft:cake":2,"minecraft:smithing_table":3,"minecraft:glass_pane":7,"minecraft:hanging_roots":1,"call_of_yucutan:red_limestone_tiles":1,"minecraft:brown_carpet":2,"minecraft:polished_granite":1,"travelersbackpack:standard":4,"minecraft:crafting_table":3,"minecraft:rose_bush":68,"biomesoplenty:high_grass_plant":31,"minecraft:potted_oxeye_daisy":1,"minecraft:tall_grass":6,"biomesoplenty:sprout":17,"biomesoplenty:huge_clover_petal":1,"minecraft:lapis_ore":5,"minecraft:blue_bed":3,"minecraft:white_carpet":2,"minecraft:spruce_log":9,"minecraft:birch_leaves":1,"minecraft:coal_ore":89,"biomesoplenty:fir_leaves":7,"minecraft:gravel":1,"call_of_yucutan:ritual_rock_pillar":1,"minecraft:cobweb":4,"minecraft:cracked_stone_bricks":4,"minecraft:stone_bricks":2,"minecraft:mossy_stone_bricks":10},"minecraft:custom":{"minecraft:interact_with_crafting_table":50,"minecraft:open_barrel":92,"minecraft:eat_cake_slice":5,"minecraft:leave_game":14,"minecraft:time_since_death":113506,"minecraft:damage_resisted":60,"minecraft:sprint_one_cm":2520357,"minecraft:damage_blocked_by_shield":95,"minecraft:drop":141,"minecraft:play_time":568294,"minecraft:deaths":44,"minecraft:jump":10291,"minecraft:interact_with_brewingstand":1,"minecraft:walk_on_water_one_cm":79513,"minecraft:interact_with_furnace":56,"minecraft:interact_with_loom":1,"minecraft:sleep_in_bed":27,"minecraft:waystone_activated":9,"minecraft:damage_dealt":42805,"minecraft:crouch_one_cm":6325,"minecraft:interact_with_smoker":10,"minecraft:interact_with_smithing_table":10,"minecraft:mob_kills":231,"minecraft:interact_with_anvil":6,"minecraft:damage_dealt_resisted":3780,"minecraft:climb_one_cm":22973,"minecraft:walk_one_cm":1425937,"minecraft:sneak_time":2441,"minecraft:walk_under_water_one_cm":31166,"minecraft:boat_one_cm":6615,"minecraft:interact_with_blast_furnace":5,"minecraft:total_world_time":568294,"minecraft:pot_flower":2,"minecraft:interact_with_stonecutter":2,"minecraft:time_since_rest":10973,"minecraft:damage_taken":21485,"minecraft:swim_one_cm":160241,"minecraft:fly_one_cm":2329877,"minecraft:open_chest":458,"minecraft:fall_one_cm":272379},"minecraft:used":{"alexsmobs:emu_egg":1,"minecraft:chest":27,"minecraft:shield":2,"minecraft:iron_sword":1042,"call_of_yucutan:polished_red_limestone":1,"minecraft:mutton":2,"minecraft:nether_bricks":11,"minecraft:carrot":60,"minecraft:glass":11,"born_in_chaos_v1:smoked_flesh":2,"minecraft:mangrove_stairs":2,"minecraft:stone_bricks":3,"minecraft:brown_carpet":11,"minecraft:red_carpet":1,"minecraft:bow":50,"minecraft:hay_block":2,"minecraft:furnace":7,"minecraft:oak_sapling":7,"minecraft:egg":3,"travelersbackpack:enderman":5,"minecraft:mossy_stone_bricks":6,"minecraft:dark_oak_sign":1,"minecraft:oak_planks":105,"minecraft:wooden_pickaxe":74,"biomesoplenty:glowflower":1,"minecraft:blue_bed":3,"minecraft:stripped_mangrove_wood":1,"minecraft:mushroom_stew":2,"biomesoplenty:magic_planks":54,"waystones:waystone":4,"biomesoplenty:umbran_planks":1,"minecraft:dark_oak_log":11,"minecraft:cyan_bed":5,"minecraft:bread":12,"minecraft:string":2,"minecraft:polished_granite":1,"minecraft:nether_wart_block":1,"minecraft:wooden_sword":53,"minecraft:smithing_table":3,"minecraft:andesite":4,"minecraft:oak_boat":1,"minecraft:experience_bottle":1,"minecraft:iron_bars":18,"minecraft:spruce_planks":39,"minecraft:wooden_shovel":27,"minecraft:cooked_chicken":1,"minecraft:oak_door":2,"minecraft:torch":53,"minecraft:dirt":61,"minecraft:anvil":1,"minecraft:white_carpet":2,"minecraft:nether_brick_stairs":3,"farmersdelight:rope":2,"minecraft:dark_oak_planks":12,"minecraft:wooden_axe":65,"call_of_yucutan:red_limestone_tiles":1,"minecraft:iron_axe":126,"minecraft:beef":3,"minecraft:cooked_beef":86,"minecraft:light_gray_bed":4,"minecraft:calcite":7,"minecraft:cooked_mutton":20,"minecraft:wheat_seeds":19,"minecraft:water_bucket":7,"minecraft:baked_potato":1,"minecraft:cracked_stone_bricks":2,"minecraft:mossy_cobblestone":7,"minecraft:crafting_table":8,"call_of_yucutan:ritual_rock_pillar":1,"minecraft:dark_oak_door":2,"minecraft:cake":5,"minecraft:flower_pot":2,"minecraft:diamond_pickaxe":3,"call_of_yucutan:chiseled_red_limestone":1,"minecraft:apple":11,"iceandfire:dragonbone_sword_fire":26,"minecraft:iron_pickaxe":385,"simplyswords:soulkeeper":2,"minecraft:cobblestone":23,"minecraft:potion":3,"travelersbackpack:standard":41,"minecraft:bucket":18,"minecraft:pumpkin_pie":4},"minecraft:broken":{"minecraft:golden_boots":2,"minecraft:iron_boots":1,"minecraft:golden_leggings":1,"minecraft:iron_sword":4,"minecraft:wooden_axe":1,"minecraft:golden_chestplate":2,"minecraft:wooden_pickaxe":1,"minecraft:iron_pickaxe":1,"minecraft:iron_helmet":2},"minecraft:crafted":{"minecraft:oak_planks":212,"hangglider:hang_glider":1,"minecraft:cooked_chicken":1,"travelersbackpack:enderman":1,"minecraft:cooked_mutton":22,"minecraft:dark_oak_door":3,"minecraft:glass":45,"minecraft:chest":10,"minecraft:golden_boots":1,"minecraft:wooden_shovel":1,"travelersbackpack:iron_tier_upgrade":1,"minecraft:crafting_table":5,"minecraft:spruce_planks":52,"minecraft:baked_potato":3,"minecraft:wooden_pickaxe":2,"travelersbackpack:standard":3,"minecraft:stick":44,"born_in_chaos_v1:smoked_flesh":1,"minecraft:iron_pickaxe":1,"minecraft:iron_block":3,"minecraft:gold_ingot":22,"hangglider:glider_framework":1,"minecraft:wooden_sword":2,"minecraft:oak_door":3,"minecraft:golden_chestplate":1,"minecraft:furnace":3,"hangglider:glider_wing":2,"travelersbackpack:blank_upgrade":4,"travelersbackpack:gold_tier_upgrade":1,"travelersbackpack:white_sleeping_bag":1,"biomesoplenty:magic_planks":48,"minecraft:cooked_beef":62,"biomesoplenty:umbran_planks":24,"minecraft:red_dye":7,"travelersbackpack:backpack_tank":4,"minecraft:iron_sword":1,"minecraft:bucket":1,"minecraft:bread":4,"minecraft:air":0,"minecraft:oak_boat":1,"minecraft:wooden_axe":1,"minecraft:anvil":1},"minecraft:killed_by":{"minecraft:zombie":3,"iceandfire:fire_dragon":1,"minecraft:husk":2},"minecraft:dropped":{"minecraft:iron_sword":1,"minecraft:glass_bottle":1,"travelersbackpack:iron_tier_upgrade":1,"travelersbackpack:standard":1,"minecraft:leather_helmet":1,"farmersdelight:rice":4,"minecraft:emerald":1,"born_in_chaos_v1:monster_flesh":1,"born_in_chaos_v1:monster_skin":1,"farmersdelight:onion":1,"minecraft:fermented_spider_eye":1,"minecraft:bone":2,"minecraft:armor_stand":1,"biomesoplenty:toadstool":2,"minecraft:rotten_flesh":36,"iceandfire:fire_lily":1,"minecraft:carrot":8,"biomesoplenty:wildflower":1,"born_in_chaos_v1:corpse_maggot":3,"minecraft:chest":1,"minecraft:leather_leggings":1,"minecraft:iron_bars":7,"minecraft:wheat_seeds":4,"minecraft:iron_helmet":1,"minecraft:stick":7,"minecraft:iron_axe":1,"minecraft:chainmail_leggings":1,"minecraft:string":16,"iceandfire:dragonbone":27,"minecraft:dark_oak_sign":2,"iceandfire:dragonbone_sword_fire":2,"minecraft:pumpkin_seeds":3,"minecraft:shield":1,"minecraft:allium":3,"minecraft:spider_eye":13,"minecraft:bow":1}},"DataVersion":3465}